arm,target,train_subset,train_size,seed,training_seconds,rmse,mae,r2,pearson_r,spearman_rho,bias,inference_seq_per_second,inference_ms_per_sequence,device,peak_rss_mb,peak_gpu_mb,epochs_ran
esm2_8m_mlp,log10_pgen,1k,1000,42,5.34,1.0771408535945268,0.7260378855007953,0.669508854815493,0.8216067160495758,0.8331470316606933,0.13865496676993277,705960.7233955928,0.0014165093989791824,cuda,1197.78125,23.45751953125,60.0
esm2_8m_mlp,log10_pgen,1k,1000,43,5.1,1.0751237520233003,0.7263235609554174,0.6707454805022155,0.8223345359775261,0.8340828674416486,0.13843278495773942,747093.4212828245,0.00133852068765766,cuda,1194.6875,23.45751953125,60.0
esm2_8m_mlp,log10_pgen,1k,1000,44,4.11,1.0695933554075805,0.7286857503677006,0.6741241143295938,0.8228841204325575,0.8323480349886503,0.10114906892531643,735015.6226967543,0.001360515299431357,cuda,1195.64453125,23.45751953125,46.0
irrm_pretrained,log10_pgen,1k,1000,42,6.24,0.8649319159558528,0.573572627859008,0.7869023415752135,0.9225699791418592,0.9119520006525227,0.4028323986191931,80863.50773405924,0.0123665177039903,cuda,1552.5234375,255.98876953125,25.0
irrm_pretrained,log10_pgen,1k,1000,43,5.9,0.8313225259801558,0.5495318621784235,0.8031416099725512,0.9236803569147729,0.9135004792110046,0.36259704153653866,78945.20760898925,0.012667013366446999,cuda,1550.91015625,255.98876953125,23.0
irrm_pretrained,log10_pgen,1k,1000,44,6.16,0.8039642867965016,0.5216304005308618,0.8158853501548303,0.929212427359479,0.922879820889854,0.3472389288297001,80992.25445801619,0.012346859668147256,cuda,1545.44140625,255.98876953125,25.0
irrm_pretrained,log10_pgen,1k,1000,45,6.53,0.8174569543838605,0.5322813395104757,0.8096536218416155,0.9271785368544058,0.9203442313044025,0.3599058488751396,80060.79152636931,0.012490508536511706,cuda,1544.26171875,255.98876953125,26.0
irrm_pretrained,log10_pgen,1k,1000,46,7.85,0.8237597476667486,0.5406323265712351,0.8067070717851613,0.9297969710103117,0.9226493652846909,0.3918390707428683,79906.00704535747,0.012514703674685743,cuda,1563.98046875,255.98876953125,30.0
irrm_pretrained,log10_pgen,1k,1000,47,6.61,0.795733847970004,0.5171656860759076,0.8196357352293764,0.9285150090131103,0.921082252441927,0.3313119003076507,77841.70608175163,0.012846583795963706,cuda,1548.0859375,255.98876953125,25.0
irrm_pretrained,log10_pgen,1k,1000,48,5.72,0.8021244491460586,0.5302790450689656,0.816727062835779,0.9220099669223497,0.9179323947568008,0.31359157081286243,80136.58582260921,0.012478694840002361,cuda,1566.8984375,255.98876953125,22.0
irrm_pretrained,log10_pgen,1k,1000,49,4.68,0.8318569691142761,0.5448034584308773,0.8028884147796086,0.907612296788354,0.9008832577185555,0.2114075241262159,80186.96882282455,0.012470854238293123,cuda,1556.875,255.98876953125,18.0
irrm_pretrained,log10_pgen,1k,1000,50,5.84,0.7830557427649305,0.5141476876670233,0.8253372917973597,0.922166417284953,0.9141818947508201,0.24003536004227982,80261.9705837884,0.012459200698991854,cuda,1547.0625,255.98876953125,23.0
irrm_pretrained,log10_pgen,1k,1000,51,4.96,0.7998190142313116,0.5398007120038264,0.8177790607593768,0.9173102792460404,0.9079210168206249,0.28461443290058946,79910.51413303308,0.012513997824306627,cuda,1562.07421875,255.98876953125,19.0
irrm_scratch,log10_pgen,1k,1000,42,7.69,0.8441119514619323,0.5319142441170579,0.7970379080578323,0.9051526732558525,0.906339826203102,0.25311759515793814,78739.84026758223,0.01270005116344778,cuda,1565.42578125,255.98876953125,30.0
irrm_scratch,log10_pgen,1k,1000,43,10.56,0.7437902178581257,0.4714709206837621,0.8424146805105919,0.9204954050970439,0.9219248220744659,0.1288298033379222,80851.88208602746,0.012368295878826752,cuda,1546.63671875,255.98876953125,44.0
irrm_scratch,log10_pgen,1k,1000,44,6.41,0.9439559508218183,0.6187347933622375,0.7461844128303036,0.8696195540239993,0.8685103108517291,0.18257265629955535,78595.5292329371,0.012723370015567363,cuda,1561.90234375,255.98876953125,25.0
irrm_scratch,log10_pgen,1k,1000,45,6.98,0.885964311952314,0.5553881292737052,0.7764126193240595,0.8968896378559235,0.8945789702406476,0.26261517141442153,80666.26935827773,0.012396755272746265,cuda,1546.95703125,255.98876953125,28.0
irrm_scratch,log10_pgen,1k,1000,46,5.84,0.9763104933844673,0.6321716080463298,0.7284869263676981,0.870469034070754,0.861312281330798,0.31175582583126027,80848.42252814662,0.012368825126450171,cuda,1545.22265625,255.98876953125,23.0
irrm_scratch,log10_pgen,1k,1000,47,8.73,0.8783602742491172,0.5487071160322827,0.780234152019625,0.9088537530042312,0.9072049580677213,0.3422900177627635,76363.0089395081,0.013095345690112373,cuda,1551.3046875,255.98876953125,34.0
irrm_scratch,log10_pgen,1k,1000,48,10.64,0.919467769293943,0.58948479091107,0.7591826060141407,0.9116245478710833,0.9121262001095223,0.4535502971643727,79905.32213663701,0.012514810944507722,cuda,1558.87890625,255.98876953125,42.0
irrm_scratch,log10_pgen,1k,1000,49,6.74,0.8736720995109767,0.5701165193450962,0.7825738551116111,0.8916065482310117,0.8876233950864687,0.20014242571748278,80802.20622960075,0.012375899702026502,cuda,1573.88671875,255.98876953125,27.0
irrm_scratch,log10_pgen,1k,1000,50,10.54,0.7922520694606673,0.49711589769390385,0.8212106701729678,0.9145798789121482,0.9180335296945293,0.1337827529050968,80315.75408298723,0.012450857386792856,cuda,1540.3359375,255.98876953125,43.0
irrm_scratch,log10_pgen,1k,1000,51,11.01,0.7476454702404467,0.48343691228369096,0.8407768378569647,0.9201273521939399,0.9226283285508657,0.0296063515905427,80351.0919746068,0.012445381580078938,cuda,1551.796875,255.98876953125,45.0
sceptr_mlp,log10_pgen,1k,1000,42,4.74,1.0981920422083575,0.7610458447203725,0.6564646628435225,0.8121566102601996,0.8074398847933616,0.10412556109970554,1062266.7426666566,0.0009413831383722458,cuda,1172.00390625,21.20751953125,60.0
sceptr_mlp,log10_pgen,1k,1000,43,3.42,1.0999811361432124,0.7624915073977926,0.655344425928786,0.8120102287560248,0.8046603984441668,0.11799728837458752,1061074.718902842,0.00094244069921297,cuda,1168.94140625,21.20751953125,43.0
sceptr_mlp,log10_pgen,1k,1000,44,3.2,1.0940586433868646,0.758922927361791,0.6590458075780972,0.8133347744266023,0.8086149192965398,0.09307519652395542,1071874.0294636576,0.0009329454511556532,cuda,1174.91796875,21.20751953125,39.0
tcr_bert_mlp,log10_pgen,1k,1000,42,4.65,0.8673881393172919,0.5780485788243145,0.7856903186825444,0.8898886415389792,0.8930102409604314,0.10531888878673068,476370.05146904866,0.002099208371550984,cuda,1242.5546875,28.14501953125,48.0
tcr_bert_mlp,log10_pgen,1k,1000,43,5.87,0.858948772460653,0.5726932261716688,0.7898403393004456,0.892423247305388,0.8953746242397653,0.08094347219936113,483633.3470054774,0.002067682069881493,cuda,1246.63671875,28.14501953125,60.0
tcr_bert_mlp,log10_pgen,1k,1000,44,5.51,0.8662151855680355,0.5750684743816339,0.7862695412187646,0.8906440030475861,0.8943119327291345,0.10118385512174216,483340.43726194254,0.0020689351084814326,cuda,1247.06640625,28.14501953125,57.0
tfidf_ridge,log10_pgen,1k,1000,42,0.18,1.2769573384805994,0.8800498060420275,0.5355193690361973,0.7459276280012653,0.7755959954308803,0.24748512995339594,82046.7449062024,0.012188173962821092,cpu,647.671875,0.0,
esm2_8m_mlp,log10_pgen,10k,10000,42,13.12,0.7892901399554304,0.5117788675519823,0.8225450219460526,0.9077396313574956,0.922136015327215,0.06535016127457582,751323.1196541691,0.0013309852629855125,cuda,1218.4375,23.45751953125,60.0
esm2_8m_mlp,log10_pgen,10k,10000,43,11.67,0.7910012590527175,0.5090540726294859,0.821774770988962,0.908184530983501,0.9233618174289024,0.09305254228575181,707665.0616763182,0.0014130978822540683,cuda,1217.71484375,23.45751953125,60.0
esm2_8m_mlp,log10_pgen,10k,10000,44,12.8,0.7937840810408098,0.5114952986728927,0.8205185365266188,0.9069227656983063,0.9224128719321808,0.07858451337605844,691845.9266758637,0.0014454085244163175,cuda,1217.4921875,23.45751953125,60.0
irrm_pretrained,log10_pgen,10k,10000,42,22.1,0.49633429136522883,0.3364633920574051,0.929828074355773,0.9788465234302741,0.9769528791960383,0.2582476449257332,79422.11814450966,0.012590951026771734,cuda,1614.30859375,255.36376953125,31.0
irrm_pretrained,log10_pgen,10k,10000,43,25.12,0.5193359156545152,0.36831604542598495,0.9231734116100119,0.978126930098433,0.9718469313258652,0.3012286896888966,78484.32285378146,0.012741398073383758,cuda,1594.49609375,255.36376953125,34.0
irrm_pretrained,log10_pgen,10k,10000,44,32.11,0.5252833859981841,0.3584885153591458,0.9214036891479529,0.9735898112520421,0.9643449436380355,0.2684473076598781,78905.69137201828,0.012673357049560336,cuda,1570.359375,255.36376953125,45.0
irrm_pretrained,log10_pgen,10k,10000,45,22.37,0.5275998646962152,0.39018114650797886,0.9207089474596369,0.9729629104504584,0.958600728526982,0.29486428735038855,78146.06342119222,0.01279654989925971,cuda,1576.4296875,255.36376953125,31.0
irrm_pretrained,log10_pgen,10k,10000,46,31.75,0.5158049435613763,0.37157946936378206,0.9242145502587643,0.9783526876739728,0.9718356785668307,0.3058773639971277,78655.62426811836,0.012713649014992712,cuda,1608.67578125,255.36376953125,43.0
irrm_pretrained,log10_pgen,10k,10000,47,18.23,0.5332813946641329,0.35700741491474547,0.9189920399063798,0.97604323639183,0.9748606762478106,0.2938373550204833,78264.75742759714,0.012777143031780323,cuda,1581.08203125,255.36376953125,25.0
irrm_pretrained,log10_pgen,10k,10000,48,24.91,0.4579817124860741,0.3023822172194899,0.9402536876166383,0.9782543855947416,0.9757298823937622,0.20419803463546618,78031.82970995203,0.01281528324681155,cuda,1594.7578125,255.36376953125,34.0
irrm_pretrained,log10_pgen,10k,10000,49,25.92,0.4976124581595938,0.3438377496106781,0.9294661936068322,0.9784862915435858,0.9759692349627562,0.27500778441402923,78638.12822918102,0.012716477649183417,cuda,1580.44921875,255.36376953125,35.0
irrm_pretrained,log10_pgen,10k,10000,50,19.67,0.5425341893413741,0.39877899006847456,0.9161565664369719,0.9734359952461339,0.9633476928509621,0.321624207014219,77982.10842038045,0.01282345425452298,cuda,1586.1640625,255.36376953125,27.0
irrm_pretrained,log10_pgen,10k,10000,51,13.38,0.5341332976578411,0.37650608358281984,0.9187330170116145,0.9667227466615107,0.9633437546517095,0.23337067889230595,78704.76482654782,0.012705711048166311,cuda,1613.80078125,255.36376953125,18.0
irrm_scratch,log10_pgen,10k,10000,42,20.95,0.498671630386942,0.32079206399879684,0.9291656104710792,0.9657117315186489,0.9694134769384374,0.09424418102101653,78508.39615413654,0.012737491134536582,cuda,1583.9453125,255.36376953125,28.0
irrm_scratch,log10_pgen,10k,10000,43,33.65,0.4706407993114887,0.29323152256924806,0.936905140469252,0.9740480810857403,0.9781106763867039,0.16780619885200848,79078.70122623147,0.0126456300431536,cuda,1602.7890625,255.36376953125,46.0
irrm_scratch,log10_pgen,10k,10000,44,33.05,0.5079075377997477,0.32965094824733154,0.9265174619388699,0.9712447393219146,0.9755254688138308,0.22044626558539696,78956.04437864256,0.012665274810429812,cuda,1590.59765625,255.36376953125,45.0
irrm_scratch,log10_pgen,10k,10000,45,27.82,0.47713739863574445,0.2912506286196337,0.9351512291587034,0.9718732546431008,0.9750787340415884,0.11394230996095928,79112.17619742312,0.012640279259977842,cuda,1582.5078125,255.36376953125,39.0
irrm_scratch,log10_pgen,10k,10000,46,29.27,0.4579175921407287,0.29244273401005727,0.9402704161710751,0.9708733181295428,0.9743106241169605,-0.0422780559037735,78999.96939361731,0.012658232752186277,cuda,1574.63671875,255.36376953125,40.0
irrm_scratch,log10_pgen,10k,10000,47,36.55,0.465288916422154,0.3107330220285725,0.9383319456243314,0.9721828697208292,0.9783745998124969,0.1545819731891662,78634.00965443617,0.012717143693862043,cuda,1587.2578125,255.36376953125,51.0
irrm_scratch,log10_pgen,10k,10000,48,24.69,0.4868968973441002,0.32282410811390244,0.9324712289538608,0.9666661177257057,0.9732218700912197,0.08242033868522627,79166.7916318792,0.012631559008352135,cuda,1600.56640625,255.36376953125,34.0
irrm_scratch,log10_pgen,10k,10000,49,30.38,0.49955472550048546,0.3238743178975122,0.9289145077923109,0.9669152473849376,0.9734628057385909,0.14312938242896417,78494.10538506562,0.012739810143632277,cuda,1578.953125,255.36376953125,41.0
irrm_scratch,log10_pgen,10k,10000,50,23.59,0.5021787474881457,0.3100156924156718,0.9281657618398458,0.9687455318772152,0.9699728610796904,0.16583821028234638,78789.2636408248,0.012692084603794266,cuda,1612.04296875,255.36376953125,32.0
irrm_scratch,log10_pgen,10k,10000,51,25.4,0.4806922198139846,0.28437546648930967,0.9341813427954785,0.971277292615862,0.9743939805805218,0.09846404782942433,78746.8403341449,0.012698922213979886,cuda,1590.25,255.36376953125,35.0
sceptr_mlp,log10_pgen,10k,10000,42,10.85,0.8197409601112305,0.5322377064815003,0.8085884658779793,0.900190469155707,0.9106309096825668,0.07351937350297826,1045992.739596697,0.0009560295804592005,cuda,1184.78515625,21.20751953125,60.0
sceptr_mlp,log10_pgen,10k,10000,43,10.9,0.8232791649384097,0.5329595503445926,0.8069325407912433,0.8993982334295626,0.910789330836775,0.07795665485235405,1002912.2882333912,0.0009970961685607412,cuda,1178.8515625,21.20751953125,60.0
sceptr_mlp,log10_pgen,10k,10000,44,11.99,0.8213314982545481,0.5383096758524992,0.8078449561119915,0.8998291633130819,0.9092193480549974,0.06639299892483241,1015685.420632926,0.0009845568122626475,cuda,1184.00390625,21.20751953125,60.0
tcr_bert_mlp,log10_pgen,10k,10000,42,13.04,0.5491397489252545,0.3589531191073769,0.9141024862729251,0.9565472815665261,0.9603263904726105,0.028682170324545696,483779.5195345584,0.002067057325953142,cuda,1284.14453125,28.14501953125,60.0
tcr_bert_mlp,log10_pgen,10k,10000,43,13.05,0.5525621465801277,0.360994787679031,0.9130284736191095,0.9561370066319027,0.9611197559421756,0.022896591890857958,485116.2109191465,0.0020613617469210244,cuda,1278.78515625,28.14501953125,60.0
tcr_bert_mlp,log10_pgen,10k,10000,44,12.88,0.5531349877060555,0.3610178326203211,0.9128480534001411,0.9561711841901395,0.9604234621650158,0.03684545612776406,471155.4772059833,0.0021224416320704525,cuda,1266.859375,28.14501953125,60.0
tfidf_ridge,log10_pgen,10k,10000,42,0.58,0.7659173935252817,0.5084553048733631,0.8328991356685383,0.9129315175825418,0.9404240652599085,0.03423890204930655,79360.64652403284,0.01260070379715429,cpu,652.96484375,0.0,
esm2_8m_mlp,log10_pgen,all,79730,42,62.4,0.5731677057093365,0.3493723214550509,0.9064210307249039,0.9536062412202215,0.9675506650848761,0.07753757589264149,737700.7938537622,0.0013555631339041703,cuda,1292.87109375,23.45751953125,60.0
esm2_8m_mlp,log10_pgen,all,79730,43,63.05,0.5722816128637928,0.3497724788661413,0.9067101452692726,0.9532051754785794,0.9667819816787405,0.06594397495518078,744636.9475580577,0.0013429363171937319,cuda,1295.58203125,23.45751953125,60.0
esm2_8m_mlp,log10_pgen,all,79730,44,63.38,0.5729095378508662,0.34892790104491134,0.9065053119604066,0.9536574004133471,0.9674232426731361,0.08018154737074212,736760.647026297,0.0013572929065038773,cuda,1300.19921875,23.45751953125,60.0
irrm_pretrained,log10_pgen,all,79730,42,123.85,0.3057602609523895,0.2083267044257563,0.9733696476549023,0.9917018462735949,0.9894025191718101,0.1588558915729577,77911.56266318262,0.012835065371786638,cuda,1596.3984375,254.86376953125,27.0
irrm_pretrained,log10_pgen,all,79730,43,118.85,0.3227698346701869,0.19583600915331453,0.9703243178058237,0.9886645939613051,0.9832962906240956,0.11649408246044561,77761.84919341622,0.012859776489017266,cuda,1579.3515625,254.86376953125,26.0
irrm_pretrained,log10_pgen,all,79730,44,211.48,0.28060503644475776,0.14739548233582567,0.9775712146156854,0.9929846069686562,0.9923312548184898,0.08320273340059216,76331.09878614836,0.013100820188657731,cuda,1584.953125,254.86376953125,47.0
irrm_pretrained,log10_pgen,all,79730,45,215.6,0.2906337822506723,0.1697879711770245,0.9759393686285257,0.9930494157956323,0.9915791451404403,0.11848370121901147,76213.84869992676,0.013120974954791398,cuda,1603.67578125,254.86376953125,48.0
irrm_pretrained,log10_pgen,all,79730,46,144.15,0.33693704512417527,0.2029260203209646,0.9676620595011232,0.989456937144701,0.985854278301268,0.07777895175197753,77506.95307456442,0.012902068270416523,cuda,1622.1328125,254.86376953125,32.0
irrm_pretrained,log10_pgen,all,79730,47,198.11,0.28260784579697307,0.16704077865556358,0.977249902558756,0.9926284885670357,0.9930547129437717,0.12034238878009869,76224.02236325688,0.013119223690851051,cuda,1597.26171875,254.86376953125,44.0
irrm_pretrained,log10_pgen,all,79730,48,157.15,0.2956240286589957,0.16988515750641128,0.9751060224184863,0.9918395106629686,0.9882366619574364,0.037514705427660146,77747.24938970283,0.012862191368180339,cuda,1585.90625,254.86376953125,35.0
irrm_pretrained,log10_pgen,all,79730,49,202.71,0.2568489903064575,0.15425740537613158,0.9812081058492581,0.9950565011110328,0.9960072133460977,0.11595127294142848,76347.31414166577,0.013098037714129096,cuda,1580.203125,254.86376953125,45.0
irrm_pretrained,log10_pgen,all,79730,50,99.96,0.39284684013561044,0.2914359988728974,0.9560396278441484,0.9858889109334719,0.9763490870794563,0.21786421304129522,77578.69993954332,0.012890136091211825,cuda,1600.61328125,254.86376953125,21.0
irrm_pretrained,log10_pgen,all,79730,51,115.95,0.33713538320078806,0.21844640571312485,0.9676239768220666,0.9906641206786925,0.9865010824105642,0.13035446438857884,77558.41612855578,0.012893507241592779,cuda,1579.63671875,254.86376953125,25.0
irrm_scratch,log10_pgen,all,79730,42,114.17,0.2719535505097029,0.16653379054223957,0.9789329222438513,0.9919265890391352,0.9926972842928662,0.09609930151292388,77975.04366490629,0.012824616095086117,cuda,1585.13671875,254.86376953125,26.0
irrm_scratch,log10_pgen,all,79730,43,148.87,0.2806572979150532,0.1858581395148315,0.977562859309801,0.9949507777304938,0.995145779501445,0.05192284273870285,78143.844898836,0.012796913196357142,cuda,1572.2421875,254.86376953125,33.0
irrm_scratch,log10_pgen,all,79730,44,182.86,0.2834810367182595,0.16944260740206932,0.9771091006088122,0.9950294500699801,0.9956005429373097,0.10711986412509826,76530.48611350135,0.013066688202096523,cuda,1584.03515625,254.86376953125,41.0
irrm_scratch,log10_pgen,all,79730,45,93.79,0.3284325426622101,0.22519455615620482,0.9692739171693161,0.988786459724294,0.9899692333708238,0.13219256068879753,77059.23870669039,0.012977029319044889,cuda,1574.84765625,254.86376953125,21.0
irrm_scratch,log10_pgen,all,79730,46,114.35,0.27585077654973195,0.18547613126024184,0.9783247930033384,0.9915338350103832,0.9910657074195383,0.025506009252100864,77201.34301823228,0.012953142534888735,cuda,1576.3515625,254.86376953125,25.0
irrm_scratch,log10_pgen,all,79730,47,198.35,0.33604797728519187,0.21124316666040283,0.967832493067254,0.9958645289807903,0.9960726435747845,0.10184083611487582,76554.00202823328,0.013062674367189815,cuda,1596.35546875,254.86376953125,44.0
irrm_scratch,log10_pgen,all,79730,48,95.99,0.32095970522074435,0.2228937454828952,0.9706562335892933,0.9904940076818866,0.9904438010414041,0.17860603614144913,77715.69472656505,0.012867413763955924,cuda,1575.47265625,254.86376953125,21.0
irrm_scratch,log10_pgen,all,79730,49,142.4,0.324897288809792,0.19739056002251965,0.969931829346724,0.9933873020382896,0.9936995466077865,0.12007436457931936,77726.9541308783,0.012865549810638133,cuda,1571.75390625,254.86376953125,31.0
irrm_scratch,log10_pgen,all,79730,50,89.87,0.3152489172546755,0.21929226072923863,0.9716911622598429,0.9860163867885153,0.9893431929980233,0.04317832128811549,76554.0589797288,0.01306266464936622,cuda,1584.25390625,254.86376953125,20.0
irrm_scratch,log10_pgen,all,79730,51,131.13,0.3766005567885428,0.24336180453560238,0.9596004295556182,0.9933946378049742,0.9936023254985136,0.13065965375684127,77555.69803371314,0.012893959120389892,cuda,1576.484375,254.86376953125,29.0
sceptr_mlp,log10_pgen,all,79730,42,57.69,0.5766064944696535,0.3428484145267614,0.905294785689099,0.9535790459641675,0.9663776368101202,0.08926576441701496,1035103.8993361475,0.0009660865934727316,cuda,1194.8359375,21.20751953125,60.0
sceptr_mlp,log10_pgen,all,79730,43,64.55,0.584833564731118,0.3453063517799877,0.9025729817429096,0.95246948351646,0.9672135688288871,0.10801653991967043,1061797.5338926413,0.0009417991359745523,cuda,1194.54296875,21.20751953125,60.0
sceptr_mlp,log10_pgen,all,79730,44,59.51,0.5770612206641812,0.3445521396506703,0.9051453530234606,0.9536648620712153,0.9669085617186784,0.09536860715000833,991191.4022597936,0.0010088868786796617,cuda,1190.8828125,21.20751953125,60.0
tcr_bert_mlp,log10_pgen,all,79730,42,79.88,0.3777564977751135,0.23458992981807736,0.9593520433627332,0.979747865553209,0.9847126718927225,0.024266606714189013,478528.72105608066,0.0020897387262212123,cuda,1670.765625,28.14501953125,60.0
tcr_bert_mlp,log10_pgen,all,79730,43,70.85,0.375505857040682,0.23313485418218585,0.9598349545543144,0.9801372299422181,0.9855585447736372,0.024686716803757173,481572.8058755746,0.0020765292138575885,cuda,1662.76171875,28.14501953125,60.0
tcr_bert_mlp,log10_pgen,all,79730,44,71.6,0.3740375957016166,0.23232463675184953,0.9601484382877309,0.9802273073279212,0.9850856333747358,0.02237037464962718,486510.9071794783,0.0020554523757698425,cuda,1665.94921875,28.14501953125,60.0
tfidf_ridge,log10_pgen,all,79730,42,8.4,0.6210225099572112,0.41454671189516185,0.8901425494415403,0.9434950444517985,0.9563135820470278,0.008684176700797186,68718.25314155618,0.014552174339182484,cpu,714.09765625,0.0,
esm2_8m_mlp,log10_pgen_1mm,1k,1000,42,5.11,0.8638028049753916,0.568791218194971,0.7131110578070958,0.8469102887490368,0.8667108625359236,0.10372949114561908,734687.1376026621,0.0013611235978120881,cuda,1199.7890625,23.45751953125,60.0
esm2_8m_mlp,log10_pgen_1mm,1k,1000,43,5.23,0.8619774244542309,0.5692703601559694,0.7143222790817589,0.8478099524307426,0.8669547470373846,0.1071127415864139,727775.8588480044,0.0013740494244792606,cuda,1200.953125,23.45751953125,60.0
esm2_8m_mlp,log10_pgen_1mm,1k,1000,44,5.08,0.8590033542150199,0.5676105701335532,0.7162902189773253,0.8479008164271059,0.8685698320651293,0.08222814137429608,745106.2393934651,0.00134209049277862,cuda,1192.59765625,23.45751953125,60.0
irrm_pretrained,log10_pgen_1mm,1k,1000,42,12.53,0.6529562585935635,0.40768538159968476,0.8360721408566971,0.9442740681192724,0.949476176152167,0.3004492179255113,80240.86719978109,0.012462477474355214,cuda,1550.8359375,255.98876953125,52.0
irrm_pretrained,log10_pgen_1mm,1k,1000,43,5.16,0.6400113298790213,0.40304623811145285,0.8425074866906714,0.9312456988056497,0.9373496156964188,0.2231928880169614,80682.86935446602,0.012394204717815323,cuda,1549.69921875,255.98876953125,20.0
irrm_pretrained,log10_pgen_1mm,1k,1000,44,6.26,0.6200875499689317,0.3844985011699642,0.8521604565547631,0.9459296723810654,0.9503241412598608,0.2694864386133546,80083.91447115551,0.012486902102671045,cuda,1553.51953125,255.98876953125,25.0
irrm_pretrained,log10_pgen_1mm,1k,1000,45,6.54,0.6310536518942342,0.3986318635819051,0.8468852047631974,0.9443783978709075,0.9489821784491898,0.2896516474185923,77981.26403690618,0.01282359310727164,cuda,1549.2734375,255.98876953125,26.0
irrm_pretrained,log10_pgen_1mm,1k,1000,46,6.59,0.6195555852385934,0.3962891510289275,0.8524140068427615,0.9443500979728823,0.9469694023446114,0.27819833731219673,78697.9342770863,0.012706813834262993,cuda,1562.43359375,255.98876953125,26.0
irrm_pretrained,log10_pgen_1mm,1k,1000,47,6.33,0.6266547317455818,0.3904620047620022,0.849012416025269,0.943407263239133,0.9469707393444504,0.263707425816376,78310.37693883583,0.012769699739551095,cuda,1565.94921875,255.98876953125,25.0
irrm_pretrained,log10_pgen_1mm,1k,1000,48,5.67,0.6236619614132954,0.39930113323908234,0.8504511417494165,0.9389343391116015,0.9458162046101952,0.25761830099041527,78693.53284131692,0.012707524543553905,cuda,1543.70703125,255.98876953125,22.0
irrm_pretrained,log10_pgen_1mm,1k,1000,49,4.71,0.6499044803178063,0.40785618003239943,0.8376008876652727,0.9264759291777597,0.9328795005102539,0.17716616132361881,78385.95400081249,0.012757387630820119,cuda,1555.32421875,255.98876953125,18.0
irrm_pretrained,log10_pgen_1mm,1k,1000,50,5.9,0.5994330346497347,0.380280920901402,0.8618452136538101,0.939269318647871,0.9421541893901585,0.18829553681659392,79014.97934627304,0.012655828151490463,cuda,1548.5,255.98876953125,23.0
irrm_pretrained,log10_pgen_1mm,1k,1000,51,4.96,0.5994008301275314,0.3870256531801975,0.8618600579787317,0.9348727785466787,0.9388998800257852,0.17224279149582014,78674.18185650515,0.012710650132007891,cuda,1560.15234375,255.98876953125,19.0
irrm_scratch,log10_pgen_1mm,1k,1000,42,6.48,0.7756210635607437,0.488775886202463,0.768695661554632,0.9158074553176181,0.9222819561703773,0.3852233068305189,79599.61677741556,0.012562874552478065,cuda,1574.03125,255.98876953125,25.0
irrm_scratch,log10_pgen_1mm,1k,1000,43,11.15,0.5616567093437265,0.34603153059101177,0.8787095823268849,0.9386583217064812,0.9474188542893907,0.07016255632983405,79666.25790176584,0.01255236566066742,cuda,1544.94921875,255.98876953125,44.0
irrm_scratch,log10_pgen_1mm,1k,1000,44,6.88,0.7058828649367268,0.43409787223543767,0.8084201324866083,0.9140735719556143,0.9168842625543453,0.21586295803326302,79344.34843686518,0.012603292102092269,cuda,1563.3046875,255.98876953125,27.0
irrm_scratch,log10_pgen_1mm,1k,1000,45,7.91,0.6740001737872768,0.4130208410802216,0.8253355155724036,0.9192456087003898,0.926908100052709,0.20133236035721191,77125.38840246688,0.012965899047167906,cuda,1583.46875,255.98876953125,31.0
irrm_scratch,log10_pgen_1mm,1k,1000,46,7.63,0.682312413436616,0.42114535487571414,0.8210007817215697,0.9154231043861375,0.9224241754873767,0.19040918863685738,77714.31885101968,0.01286764157216671,cuda,1544.8125,255.98876953125,30.0
irrm_scratch,log10_pgen_1mm,1k,1000,47,9.5,0.65108646567971,0.3912826224971895,0.8370096379269262,0.9316193931638769,0.9398473653548969,0.21678677651645972,78072.18619042147,0.012808658868101327,cuda,1571.74609375,255.98876953125,38.0
irrm_scratch,log10_pgen_1mm,1k,1000,48,6.33,0.8344811555092708,0.5589508598595957,0.7322572888207102,0.9108633601503565,0.91322708473897,0.4732333279414907,78272.52281380334,0.012775875416444992,cuda,1548.8046875,255.98876953125,25.0
irrm_scratch,log10_pgen_1mm,1k,1000,49,6.92,0.82629497434108,0.5637715445233729,0.7374845841235782,0.912489113508546,0.9179172506572928,0.48450341909887745,77540.4721325073,0.01289649098719854,cuda,1551.09375,255.98876953125,27.0
irrm_scratch,log10_pgen_1mm,1k,1000,50,8.19,0.6103351399149818,0.3876196098409824,0.8567741727273026,0.9259979083199648,0.9311154743696028,0.019025652453153675,75476.72065839717,0.013249118288086949,cuda,1547.109375,255.98876953125,31.0
irrm_scratch,log10_pgen_1mm,1k,1000,51,8.32,0.6251580173699457,0.3920347913893575,0.8497327980864278,0.9250595921373767,0.9335045905874384,0.0355205504947733,78642.68759238251,0.012715740402758845,cuda,1561.4453125,255.98876953125,33.0
sceptr_mlp,log10_pgen_1mm,1k,1000,42,4.88,0.8729629962973278,0.585332278608628,0.7069941717233896,0.8422360133559548,0.855733573185971,0.07803339644954202,1052124.6577599368,0.0009504577167966822,cuda,1173.1171875,21.20751953125,60.0
sceptr_mlp,log10_pgen_1mm,1k,1000,43,3.81,0.872707884195867,0.5878114142571446,0.7071654009980505,0.8424537096287541,0.8531245639028813,0.08160378789314612,1025225.5230945263,0.0009753951471883124,cuda,1171.46875,21.20751953125,43.0
sceptr_mlp,log10_pgen_1mm,1k,1000,44,4.35,0.875039007473917,0.5886985468686378,0.7055989083216988,0.8411393439083864,0.8544929176996288,0.07046295775930289,1009110.5557346264,0.0009909716971219333,cuda,1169.109375,21.20751953125,50.0
tcr_bert_mlp,log10_pgen_1mm,1k,1000,42,5.29,0.6852645656848846,0.43437482691831775,0.8194484836357487,0.9093048373927972,0.9256513310486022,0.08790968486708374,469312.9234898688,0.0021307744789209647,cuda,1243.875,28.14501953125,47.0
tcr_bert_mlp,log10_pgen_1mm,1k,1000,43,4.25,0.6829331715832121,0.434071752462488,0.8206749316672025,0.9093094169413265,0.9264527464334696,0.0736007711157669,468664.7860406887,0.0021337212220445805,cuda,1238.6015625,28.14501953125,38.0
tcr_bert_mlp,log10_pgen_1mm,1k,1000,44,5.38,0.6872351224425811,0.4356053796900238,0.8184085974905176,0.9083054888112506,0.9259385459713246,0.076839266100189,484858.9313030664,0.002062455562719003,cuda,1242.58203125,28.14501953125,57.0
tfidf_ridge,log10_pgen_1mm,1k,1000,42,0.19,1.085296409794027,0.73535530121258,0.5471218978219647,0.750774560158103,0.795403603438914,0.18915308819686613,80950.28937014837,0.012353260350033597,cpu,643.671875,0.0,
esm2_8m_mlp,log10_pgen_1mm,10k,10000,42,13.41,0.6260295155704774,0.3933335705938847,0.8493135476799875,0.9221821094460882,0.9420381756814984,0.04854568221982546,739495.3955814017,0.0013522734637364253,cuda,1219.70703125,23.45751953125,60.0
esm2_8m_mlp,log10_pgen_1mm,10k,10000,43,11.81,0.6223697320332455,0.3882320646994455,0.8510702310367887,0.9238662517056982,0.9434740284740887,0.0649370734917326,735547.6744995526,0.0013595311829112556,cuda,1225.6953125,23.45751953125,60.0
esm2_8m_mlp,log10_pgen_1mm,10k,10000,44,13.37,0.6259706667490265,0.3916924130701659,0.8493418763868927,0.9223776550508551,0.9421140639783299,0.053312992388272695,731884.5499928056,0.0013663357151204106,cuda,1219.30859375,23.45751953125,60.0
irrm_pretrained,log10_pgen_1mm,10k,10000,42,23.04,0.3522035785638962,0.23605209785853865,0.9523050807498069,0.983930424800023,0.9843882615672284,0.18039631196874276,79187.71578948178,0.012628221309710091,cuda,1592.3515625,255.36376953125,32.0
irrm_pretrained,log10_pgen_1mm,10k,10000,43,29.11,0.38753899215660315,0.27109869129044467,0.9422548651039686,0.9811142357156362,0.9703975743994855,0.2089216769812675,79484.49264258641,0.012581070429632676,cuda,1595.453125,255.36376953125,39.0
irrm_pretrained,log10_pgen_1mm,10k,10000,44,32.26,0.3822850747742425,0.25218843297052235,0.9438099686538676,0.9813273427294593,0.9755213089198129,0.18395725029628748,78665.73866989763,0.012712014364935492,cuda,1596.4609375,255.36376953125,45.0
irrm_pretrained,log10_pgen_1mm,10k,10000,45,17.65,0.4041191447823732,0.27990819980915715,0.9372081267064315,0.979920025727262,0.9765428583968161,0.2257876246112694,78729.95469238408,0.012701645820923287,cuda,1589.9296875,255.36376953125,24.0
irrm_pretrained,log10_pgen_1mm,10k,10000,46,31.18,0.3911848445918753,0.26226686425507795,0.9411632560109777,0.9829105055368497,0.9776255144294108,0.20629808755274887,77487.35419934198,0.012905331590331831,cuda,1591.9296875,255.36376953125,43.0
irrm_pretrained,log10_pgen_1mm,10k,10000,47,23.39,0.38348089009514835,0.2531676301319391,0.9434578858919235,0.9826728115818364,0.9819501282337215,0.19949019843057192,78626.90485599045,0.012718292826502017,cuda,1600.2109375,255.36376953125,32.0
irrm_pretrained,log10_pgen_1mm,10k,10000,48,25.34,0.31816722084810306,0.20541534208333775,0.9610779722310352,0.9830906838143463,0.9823737812284563,0.10997886851599012,78570.88446529236,0.01272736086408365,cuda,1581.47265625,255.36376953125,34.0
irrm_pretrained,log10_pgen_1mm,10k,10000,49,29.76,0.3814527636735218,0.2392016173657349,0.9440543761849206,0.9826898812367412,0.9814819849844005,0.17505504218945128,77532.6625809653,0.012897789998579327,cuda,1575.05078125,255.36376953125,41.0
irrm_pretrained,log10_pgen_1mm,10k,10000,50,22.5,0.40909544792676755,0.261909274021916,0.9356521733237381,0.983110380156732,0.9833059108264491,0.22079621710108355,78582.57884899958,0.012725466822888961,cuda,1583.88671875,255.36376953125,30.0
irrm_pretrained,log10_pgen_1mm,10k,10000,51,13.44,0.4038788122079963,0.2812596679686494,0.9372827900596038,0.9746190105546972,0.9714999790318952,0.16937099385437487,77728.24803117815,0.012865335644756622,cuda,1569.32421875,255.36376953125,18.0
irrm_scratch,log10_pgen_1mm,10k,10000,42,20.33,0.36921385599324186,0.23028669602259502,0.9475868125935152,0.9744331202623125,0.9801626054392585,0.03312593973357653,79122.29371026848,0.012638662924280468,cuda,1585.8984375,255.36376953125,28.0
irrm_scratch,log10_pgen_1mm,10k,10000,43,21.57,0.36219569504086635,0.22513798777308272,0.9495604553291446,0.9756419521768758,0.9802466698170175,0.04881839728880603,76747.8627017076,0.013029678805345422,cuda,1586.53515625,255.36376953125,29.0
irrm_scratch,log10_pgen_1mm,10k,10000,44,18.83,0.3831162822600322,0.23419808420311247,0.9435653535535624,0.9728618066319854,0.9764946080845648,0.07214146335570987,80006.72679311575,0.012498949026946643,cuda,1576.73046875,255.36376953125,25.0
irrm_scratch,log10_pgen_1mm,10k,10000,45,28.99,0.35224366238484983,0.22376578294680224,0.9522942239413621,0.9760330880069608,0.9834552471268139,-0.012863246857717952,76926.3501805443,0.012999446843026143,cuda,1571.3359375,255.36376953125,39.0
irrm_scratch,log10_pgen_1mm,10k,10000,46,39.09,0.33900270671157107,0.20915864891427285,0.9558133658824247,0.9800842419254892,0.9855767889778858,0.10221936446662258,78725.08869905554,0.012702430908940939,cuda,1602.68359375,255.36376953125,53.0
irrm_scratch,log10_pgen_1mm,10k,10000,47,35.52,0.33813072800923394,0.21959607994470112,0.9560403861991751,0.9801886364299571,0.9853709016134247,0.10500751758902857,77535.64982109178,0.01289729308140748,cuda,1579.80859375,255.36376953125,49.0
irrm_scratch,log10_pgen_1mm,10k,10000,48,32.9,0.3378822660799348,0.2061434139007981,0.9561049664141406,0.9787600364711352,0.9840258078648648,0.06777958021349939,78439.5066056244,0.012748677844542899,cuda,1582.52734375,255.36376953125,45.0
irrm_scratch,log10_pgen_1mm,10k,10000,49,17.22,0.5211322195049435,0.34843281043792573,0.8955807814829972,0.9674054163214658,0.970678072425513,0.30572248198059976,77709.23790181913,0.012868482911432472,cuda,1572.69921875,255.36376953125,23.0
irrm_scratch,log10_pgen_1mm,10k,10000,50,19.9,0.37348189977801466,0.23958918079854716,0.9463680351794995,0.9731939619808125,0.9802889403153295,0.04181760784932039,78409.30288658597,0.012753588709319811,cuda,1582.83203125,255.36376953125,27.0
irrm_scratch,log10_pgen_1mm,10k,10000,51,25.7,0.37806560313552356,0.22143062541018307,0.9450435182028492,0.9757677766800191,0.9812830800850978,0.05084201869418621,77880.5342036482,0.012840179002690461,cuda,1570.671875,255.36376953125,35.0
sceptr_mlp,log10_pgen_1mm,10k,10000,42,11.75,0.6371332141671232,0.39614468171809036,0.8439207819168444,0.9190377199718023,0.9394482016893153,0.04125073329136141,1057753.3728966473,0.0009453999633785235,cuda,1184.921875,21.20751953125,60.0
sceptr_mlp,log10_pgen_1mm,10k,10000,43,10.84,0.6407606075461617,0.39765060478869485,0.842138509788058,0.9183379902101502,0.9390568683069896,0.04882956748748253,1009009.5155340733,0.0009910709310513245,cuda,1186.05078125,21.20751953125,60.0
sceptr_mlp,log10_pgen_1mm,10k,10000,44,12.35,0.637657661090663,0.3986599607309693,0.8436637274958344,0.9191095715446563,0.9392093880388864,0.04484058808243563,1051063.8584379375,0.0009514169781141299,cuda,1186.1640625,21.20751953125,60.0
tcr_bert_mlp,log10_pgen_1mm,10k,10000,42,13.18,0.4111318934993246,0.25845667002793843,0.9350099417710966,0.967297966003536,0.9756017679174287,0.008384003869639601,479165.2697996234,0.0020869626056541587,cuda,1280.30859375,28.14501953125,60.0
tcr_bert_mlp,log10_pgen_1mm,10k,10000,43,14.65,0.41350585090839187,0.2565953029194565,0.9342572438418231,0.966898297425101,0.97593350933347,0.01531694211326789,485958.66084314627,0.0020577882041756053,cuda,1279.98046875,28.14501953125,60.0
tcr_bert_mlp,log10_pgen_1mm,10k,10000,44,13.26,0.41106930870267516,0.25502984257628103,0.9350297265655259,0.9675431906442596,0.97598224972199,0.026138567755919037,470986.4438187892,0.002123203359935233,cuda,1285.44921875,28.14501953125,60.0
tfidf_ridge,log10_pgen_1mm,10k,10000,42,0.55,0.679848528075636,0.44560910401677106,0.8222912089245368,0.9069106930892485,0.9418412049600424,0.018927686789477982,79617.02327020983,0.012560127959144239,cpu,651.0703125,0.0,
esm2_8m_mlp,log10_pgen_1mm,all,79730,42,68.38,0.45471149866490485,0.2655386843892589,0.9205019524469311,0.9605820531819961,0.9763708989995882,0.05194563645716011,732619.9504161674,0.0013649641938251157,cuda,1291.36328125,23.45751953125,60.0
esm2_8m_mlp,log10_pgen_1mm,all,79730,43,65.72,0.45216768528691753,0.26522786955099303,0.9213889435621597,0.9608687465987668,0.9762787240690396,0.05328308914404441,715461.1194133183,0.001397699990769596,cuda,1297.3359375,23.45751953125,60.0
esm2_8m_mlp,log10_pgen_1mm,all,79730,44,69.37,0.4549245239649274,0.26568223603381097,0.9204274477889403,0.9606880913298007,0.9760459387204964,0.05959356687875681,732726.0886193139,0.0013647664734912253,cuda,1296.890625,23.45751953125,60.0
irrm_pretrained,log10_pgen_1mm,all,79730,42,197.32,0.2010198735884292,0.11098549405704658,0.9844631640433253,0.9957314596428587,0.9967040399178354,0.061738928489644775,77704.89332565277,0.012869202404140863,cuda,1599.6015625,254.86376953125,43.0
irrm_pretrained,log10_pgen_1mm,all,79730,43,201.51,0.19844419233978014,0.10745138967990057,0.9848587623496916,0.994074687121133,0.9932460677425246,0.00047019676069362895,76702.7717764188,0.013037338506030836,cuda,1580.54296875,254.86376953125,45.0
irrm_pretrained,log10_pgen_1mm,all,79730,44,211.1,0.22832235688634206,0.12134789785717585,0.9799561350952133,0.9932992236706577,0.9903972598369296,0.008108554940664215,77555.84641114557,0.012893934452068462,cuda,1590.78515625,254.86376953125,45.0
irrm_pretrained,log10_pgen_1mm,all,79730,45,218.6,0.214663543875197,0.10917544386411444,0.9822825515055111,0.9931988998785725,0.9902501268322028,0.01889345747215228,77644.95169252451,0.012879137383715803,cuda,1587.48828125,254.86376953125,49.0
irrm_pretrained,log10_pgen_1mm,all,79730,46,202.2,0.19382356300065293,0.10396384714341159,0.9855556589259883,0.9949288895266005,0.996159075626305,0.03274914680978691,76330.32244284997,0.013100953434969701,cuda,1582.69140625,254.86376953125,45.0
irrm_pretrained,log10_pgen_1mm,all,79730,47,264.54,0.20821800322930945,0.10973956171749896,0.9833305548661806,0.9948324953928825,0.9952488381802871,0.008130821087864773,77603.79416967419,0.01288596789241495,cuda,1589.7421875,254.86376953125,56.0
irrm_pretrained,log10_pgen_1mm,all,79730,48,157.77,0.21873573252501982,0.12205762993538553,0.9816039721229748,0.9933163416010036,0.9946624243808212,0.010566345166154303,76365.73780152647,0.013094877739530084,cuda,1580.36328125,254.86376953125,35.0
irrm_pretrained,log10_pgen_1mm,all,79730,49,140.76,0.21032706256829567,0.1248383391297992,0.9829911519147718,0.9953674218542565,0.995268712887437,0.06345402711592327,76480.93193590423,0.013075154482140229,cuda,1578.29296875,254.86376953125,31.0
irrm_pretrained,log10_pgen_1mm,all,79730,50,98.67,0.3050127360048115,0.2223549543074473,0.9642298684623126,0.9866466817661931,0.9767291951976588,0.1524269310931368,77514.2341875952,0.012900856345685635,cuda,1577.84375,254.86376953125,21.0
irrm_pretrained,log10_pgen_1mm,all,79730,51,174.39,0.2025477173651247,0.11567008877527189,0.9842260922848269,0.9934815527437457,0.9921715207108387,-0.018485427401458462,77031.87929353648,0.012981638370646724,cuda,1575.97265625,254.86376953125,39.0
irrm_scratch,log10_pgen_1mm,all,79730,42,100.9,0.19633344317316612,0.12458027456075794,0.9851791485170951,0.9931292366678238,0.9947710352522292,0.050957250625054906,77995.24701890766,0.0128212940944668,cuda,1589.96484375,254.86376953125,23.0
irrm_scratch,log10_pgen_1mm,all,79730,43,117.63,0.24310322146472474,0.15923510689506007,0.9772769817622599,0.9934988890065156,0.9949599529712726,0.05080266396051272,78482.72969605918,0.012741656716996334,cuda,1590.64453125,254.86376953125,25.0
irrm_scratch,log10_pgen_1mm,all,79730,44,93.54,0.2137935159265193,0.13860440255569756,0.9824258775437755,0.9917096398136698,0.9936772681741826,-0.005426926835017065,77045.82669410027,0.012979288339268017,cuda,1585.46484375,254.86376953125,21.0
irrm_scratch,log10_pgen_1mm,all,79730,45,88.95,0.24961439845675001,0.16239639861369026,0.976043473157776,0.9894739139539525,0.9908986908663686,0.050949834173454445,76718.78796334841,0.013034616767899663,cuda,1587.9609375,254.86376953125,19.0
irrm_scratch,log10_pgen_1mm,all,79730,46,114.28,0.24344421065623903,0.1654815839553585,0.9772131920875918,0.9932718413750967,0.9946481437848445,0.000411995501209572,76869.21650122834,0.01300910878913434,cuda,1570.91796875,254.86376953125,25.0
irrm_scratch,log10_pgen_1mm,all,79730,47,162.25,0.2623964374412026,0.15666522343761038,0.9735271646889943,0.9947957802738262,0.9963339789925373,0.07214033209339996,77821.99642085207,0.01284983739805542,cuda,1580.6953125,254.86376953125,36.0
irrm_scratch,log10_pgen_1mm,all,79730,48,94.34,0.2756881202965431,0.1874225016620911,0.9707772761679718,0.9914597073267497,0.9936345681852634,0.13766648666405745,76817.75721149794,0.013017823434323356,cuda,1566.234375,254.86376953125,21.0
irrm_scratch,log10_pgen_1mm,all,79730,49,94.61,0.25040927656190526,0.16263100405986253,0.9758906547425884,0.9906799443983614,0.9925507522500705,0.11173074335760001,76616.09987191304,0.013052086985265526,cuda,1590.24609375,254.86376953125,21.0
irrm_scratch,log10_pgen_1mm,all,79730,50,101.62,0.22903029253875162,0.14824262140358074,0.979831646498065,0.9914505658360079,0.9938290217871487,0.042517517343130445,77764.52751135893,0.012859333580518852,cuda,1592.57421875,254.86376953125,22.0
irrm_scratch,log10_pgen_1mm,all,79730,51,80.82,0.27079802850363044,0.17755006597799897,0.9718047736339673,0.9866817276800025,0.9915138366409755,-0.04579108726461479,76768.9593331389,0.013026098161113529,cuda,1578.109375,254.86376953125,18.0
sceptr_mlp,log10_pgen_1mm,all,79730,42,58.13,0.4422856412715362,0.24850351471532656,0.9247874575108979,0.9628673381017279,0.9787701463480561,0.06165277549235565,1026396.787782811,0.0009742820826243693,cuda,1195.98828125,21.20751953125,60.0
sceptr_mlp,log10_pgen_1mm,all,79730,43,58.16,0.4532838787285646,0.2528874805480784,0.9210003556570947,0.9610954079350825,0.9781999681797215,0.07523289538804193,1036979.2601728663,0.0009643394409192893,cuda,1188.16796875,21.20751953125,60.0
sceptr_mlp,log10_pgen_1mm,all,79730,44,58.97,0.4438398228288394,0.251492624705254,0.9242579384996292,0.9624833450691401,0.9780063631797343,0.05573852857717545,1067511.1234785551,0.0009367583887476829,cuda,1195.93359375,21.20751953125,60.0
tcr_bert_mlp,log10_pgen_1mm,all,79730,42,70.1,0.27590123549840345,0.1670392069257,0.9707320786177651,0.9854458261580342,0.9908209029750301,0.015594443637952673,486114.4564435013,0.0020571287003397836,cuda,1669.57421875,28.14501953125,60.0
tcr_bert_mlp,log10_pgen_1mm,all,79730,43,72.57,0.27667355629747115,0.1669020757783433,0.9705679919147793,0.985455078383879,0.9908143589668412,0.01800416090842117,481155.3265214974,0.002078330935728135,cuda,1670.77734375,28.14501953125,60.0
tcr_bert_mlp,log10_pgen_1mm,all,79730,44,70.66,0.277176078142094,0.16742615472770725,0.9704609801791605,0.9854239740579062,0.9906712868241694,0.01896631708478492,471095.082362874,0.0021227137311310806,cuda,1664.90234375,28.14501953125,60.0
tfidf_ridge,log10_pgen_1mm,all,79730,42,8.65,0.5542270263983469,0.36706299488768934,0.8818972557236601,0.9391297435576847,0.9565962719889497,0.0035393838152091624,67434.86203217156,0.01482912502323982,cpu,717.2109375,0.0,
