target,train_subset,arm,seeds,train_size,rmse_mean,rmse_std,mae_mean,mae_std,r2_mean,r2_std,pearson_r_mean,pearson_r_std,spearman_rho_mean,spearman_rho_std,bias_mean,bias_std,training_seconds_mean,inference_seq_per_second_mean,peak_rss_mb_mean,peak_gpu_mb_mean
log10_pgen,1k,irrm_scratch,10,1000,0.8379438263375423,0.07867249592710443,0.5413980735295911,0.0580446314810705,0.798406523904873,0.040498992051886576,0.9049139054549931,0.009840024528434311,0.904333465892336,0.011361519326849367,0.1551782296232404,0.15390117173821022,10.331,62821.00447401784,1542.425390625,255.98876953125
log10_pgen,1k,irrm_pretrained,10,1000,0.8550251478865704,0.025339719180604656,0.5575133459336978,0.013908713333604477,0.7915913348278159,0.01233799418292649,0.9148794772734956,0.0038483435506742065,0.9084727474646785,0.0031749550782257897,0.30998608299664804,0.05861494528750305,8.241,62465.82250303106,1542.067578125,255.98876953125
log10_pgen,1k,tcr_bert_mlp,3,1000,0.8657739615527257,0.009257369532250346,0.581423879327303,0.0019239794308733246,0.7864709473583439,0.004575295736734588,0.8890168834635155,0.0008150930534225373,0.8913271868559915,0.001959429986301301,0.07026857252856558,0.05214573058201129,5.113333333333333,306623.3384164976,1247.0065104166667,28.14501953125
log10_pgen,1k,esm2_8m_mlp,3,1000,1.083446236552734,0.007022470402211829,0.7379947173621156,0.002171722887800877,0.6656188970763066,0.004342632397618175,0.8185395891648021,0.001412940229596168,0.8260198092373562,0.0025814804548312297,0.12072431084892372,0.030412381356488497,3.93,523847.50668071903,1200.0143229166667,23.45751953125
log10_pgen,1k,sceptr_mlp,3,1000,1.0976038433169357,0.006897307587346891,0.7627633957781601,0.0019332084823762091,0.6568235298151776,0.0043050872520435145,0.8118926570544515,0.0021225197902238176,0.8060410172602768,0.0017155240942351325,0.0814823994847304,0.03710128987080741,3.7999999999999994,856494.9556877855,1169.6171875,21.20751953125
log10_pgen,1k,tfidf_ridge,1,1000,1.276955755696797,,0.8800488403651113,,0.5355205204794624,,0.7459285398734663,,0.7755971181289645,,0.24748485510618118,,0.44,46905.79064077635,655.55078125,0.0
log10_pgen,10k,irrm_scratch,10,10000,0.5051515834654494,0.054951652825074,0.3271744047929508,0.041713085823000436,0.9265386059854499,0.016676524110579356,0.9654555653445005,0.006190666031767679,0.9670376819703789,0.006265392894722844,0.05654215627852953,0.12147756529555402,28.3,64329.13142336295,1563.64609375,255.36376953125
log10_pgen,10k,irrm_pretrained,10,10000,0.5422183832232536,0.057352525306723294,0.38187654948467087,0.04724556949707446,0.9154108858067206,0.017514758663127572,0.9730908568087688,0.0024674093272134758,0.9658762303337521,0.0038073550349844287,0.2978773964467407,0.06780555517243432,23.639,69548.45281110329,1576.52421875,255.36376953125
log10_pgen,10k,tcr_bert_mlp,3,10000,0.5680795314054411,0.004031119636653914,0.37845706811385776,0.004133997900017408,0.9080720250297891,0.0013031846861411404,0.9532419033372737,0.0005358170938291702,0.9548576837254182,0.0018316667053695878,0.026503910442178022,0.01914405941888179,13.656666666666666,315803.3855036165,1272.2252604166667,28.14501953125
log10_pgen,10k,tfidf_ridge,1,10000,0.76592457502429,,0.5084579081617813,,0.83289600206607,,0.9129297738264299,,0.9404228939259158,,0.03423942511518709,,0.8,59776.55467359597,649.6875,0.0
log10_pgen,10k,esm2_8m_mlp,3,10000,0.8037714586009032,0.008393865622556233,0.5228154960854687,0.00485496479799742,0.8159602784147432,0.003850977620423332,0.9049954430824227,0.0019710768157375443,0.9189027339342127,0.0026954336757552023,0.09818479091695358,0.025299728810900795,12.799999999999999,528172.193105634,1217.1145833333333,23.45751953125
log10_pgen,10k,sceptr_mlp,3,10000,0.8328461902283072,0.00800144086501869,0.5403426692083185,0.00653094512617079,0.8024071788961349,0.003790759788035956,0.8971883816484573,0.002363627118951327,0.9085799446350773,0.002673813985561092,0.09365712764456295,0.007758322471483018,10.156666666666666,919994.4011759133,1182.0065104166667,21.20751953125
log10_pgen,all,irrm_pretrained,10,79730,0.29094909474054964,0.04741822316545527,0.18458412851304246,0.035762733378958134,0.9753107011546698,0.00800254329667357,0.9903982636366593,0.0027969455400128004,0.9876218128470395,0.00429003780174096,0.11541883526450339,0.04597981539220331,204.63899999999998,61641.35071767869,1581.82890625,254.86376953125
log10_pgen,all,irrm_scratch,10,79730,0.33578636528681594,0.07126425216797283,0.22252437734980995,0.0446965625642714,0.9665805886364465,0.014984588581583783,0.9897984543781598,0.0059964201920581885,0.9904199184753828,0.0052830720928398155,0.09984075885395624,0.08298558555562141,145.683,62300.467733850506,1569.30625,254.86376953125
log10_pgen,all,tcr_bert_mlp,3,79730,0.4104244762370142,0.006479777792889647,0.26407476038834926,0.006878891588527168,0.9520096961679507,0.001520406413171397,0.9760846675180218,0.0011130635940318988,0.9793523127399316,0.0014666079786796635,0.029935375799948306,0.028979884407407768,64.49666666666667,317264.54896651936,1668.7174479166667,28.14501953125
log10_pgen,all,sceptr_mlp,3,79730,0.5833243496880652,0.0034583517709830796,0.3535763262418406,0.0021605759059627762,0.9030728998757227,0.0011483300575644375,0.9524100668159482,0.0010005163984225006,0.9648992404555322,0.0002256061400935981,0.08710927532999313,0.005301695083341565,67.07666666666667,892283.828687017,1200.2526041666667,21.20751953125
log10_pgen,all,esm2_8m_mlp,3,79730,0.6031239348944677,0.012581097198351444,0.381114139482605,0.009560811361581226,0.8963536707843666,0.004348451618740226,0.9474678951563668,0.0019709996661059505,0.9598594019219823,0.0027189754719963667,0.04333215924767322,0.030947112086310898,66.03,526840.578957009,1300.21875,23.45751953125
log10_pgen,all,tfidf_ridge,1,79730,0.6210237131878172,,0.4145452767389449,,0.8901421237436864,,0.9434948178107029,,0.9563123982662174,,0.008686388197035454,,9.48,46069.398916552265,719.30078125,0.0
log10_pgen_1mm,1k,irrm_scratch,10,1000,0.6314524434831694,0.07261686713463565,0.3925300930693855,0.05359654264664398,0.8448668784488793,0.037029600737626185,0.9288826831963857,0.01158522271877412,0.9371670165463476,0.013830910702485056,0.1513540048890253,0.1074965335519036,10.756,69316.03220404696,1546.0703125,255.98876953125
log10_pgen_1mm,1k,irrm_pretrained,10,1000,0.6569231613419195,0.018426714329123007,0.4035793214577793,0.012179916879442062,0.8339567738188751,0.009299913259190176,0.9339616887631262,0.0031160599077837098,0.942626640503833,0.002856669189694695,0.236862622340095,0.0381077679541767,7.6530000000000005,70162.56693153805,1552.2625,255.98876953125
log10_pgen_1mm,1k,tcr_bert_mlp,3,1000,0.682962397542112,0.004391160329175946,0.43914357057248604,0.0033486676619782895,0.8206546404338172,0.0023092481985602415,0.9082745125603858,0.0008804972285221423,0.9238140055310605,0.0011648159957729678,0.052673823202974514,0.008880499503683912,4.989999999999999,313975.2640956687,1248.1471354166667,28.14501953125
log10_pgen_1mm,1k,esm2_8m_mlp,3,1000,0.868491587256144,0.004576857325871695,0.58026305692655,0.0007461477118348201,0.7099827288514787,0.0030588624151971274,0.8441231641331356,0.0010930223257392714,0.8603996743895107,0.002154103414763927,0.0779539705782595,0.02680743711530656,3.85,534908.622279141,1197.8294270833333,23.45751953125
log10_pgen_1mm,1k,sceptr_mlp,3,1000,0.8779664136024815,0.003195506416212866,0.5870409992994831,0.0019411824020671429,0.7036231830484386,0.0021568768483211037,0.840979126076205,0.0005707653513373905,0.8536292194425107,0.0009221893947024148,0.09356241169390511,0.01766777750843526,3.9966666666666666,896084.2096198626,1174.5078125,21.20751953125
log10_pgen_1mm,1k,tfidf_ridge,1,1000,1.0852944231152912,,0.7353522020723512,,0.5471235558436147,,0.750775753234674,,0.7954033678341129,,0.18915192191042499,,0.32,47177.071821432546,654.21875,0.0
log10_pgen_1mm,10k,irrm_scratch,10,10000,0.3957156960248885,0.036479454715929324,0.24763349791340467,0.020427223218532808,0.9393319301582345,0.011325238425838581,0.9718603596711267,0.005104883477754595,0.9768325682014181,0.005697693481619573,0.07719530078638195,0.044325297668403874,21.729,69692.66884291462,1582.785546875,255.36376953125
log10_pgen_1mm,10k,irrm_pretrained,10,10000,0.4086669762038501,0.046905976308239894,0.2700989539306911,0.03504841161795715,0.9350255454586733,0.014519371549026574,0.9779569879302615,0.002987619383779735,0.9752587991891681,0.004033122939199344,0.19082814817916946,0.0534713821299041,19.65,69141.77849773047,1569.975,255.36376953125
log10_pgen_1mm,10k,tcr_bert_mlp,3,10000,0.4280896756817795,0.005573437927670511,0.2741675052530605,0.00580582242250533,0.9295301786434006,0.0018297346174931833,0.9641868141178093,0.0009488771937410975,0.9715309591458604,0.001494619581813537,0.010600227204312479,0.0010516507488302893,11.043333333333335,315239.66339093645,1274.3424479166667,28.14501953125
log10_pgen_1mm,10k,esm2_8m_mlp,3,10000,0.6449710088503644,0.015321311873335977,0.41177413930890144,0.012223927299852232,0.839996925386215,0.0076155594348420825,0.9173758232248271,0.004457507052465646,0.9354245042884585,0.0048549055347065495,0.053753121744622524,0.025609883901828074,11.403333333333334,527798.1064330753,1215.9947916666667,23.45751953125
log10_pgen_1mm,10k,sceptr_mlp,3,10000,0.6495435200410181,0.0037029243182388977,0.4072432856459092,0.001875529278483193,0.8377777175091977,0.0018495036731835572,0.91568954797743,0.0010094800681917497,0.9362377196501891,0.000412436863463324,0.03971888700752367,0.016975746305393863,9.496666666666668,906672.1323579485,1180.2044270833333,21.20751953125
log10_pgen_1mm,10k,tfidf_ridge,1,10000,0.6798483740334681,,0.4456090287409803,,0.8222912894561352,,0.9069107278125044,,0.9418410114465724,,0.018927879241947294,,0.79,58098.109898958115,648.9140625,0.0
log10_pgen_1mm,all,irrm_pretrained,10,79730,0.20977471380034785,0.04934704474272933,0.1261504115150865,0.036345323942476096,0.9822377157037178,0.008214782973867617,0.9928114050050126,0.0026846786292086143,0.9909290731229282,0.004906346197013534,0.06058496344211638,0.05150767433523792,231.56800000000004,61322.829515201796,1575.13203125,254.86376953125
log10_pgen_1mm,all,irrm_scratch,10,79730,0.265318511919295,0.03763402497421702,0.17299632302977777,0.025127194527394783,0.9724441689161771,0.007977149306655412,0.9893860635450332,0.0044306439958006795,0.9922667551450598,0.003882647933197412,0.060945733022736606,0.059777932774134894,134.853,58765.79175768857,1574.3796875,254.86376953125
log10_pgen_1mm,all,tcr_bert_mlp,3,79730,0.31146222629689535,0.007275343286903232,0.20017871860932104,0.005973007290388119,0.9626875898249984,0.0017488039251256668,0.9812907367955267,0.0009469633811877807,0.9852170919075519,0.0016626705031840912,0.0028154841550713326,0.013155453843526574,62.10333333333333,318705.8475553241,1671.2864583333333,28.14501953125
log10_pgen_1mm,all,sceptr_mlp,3,79730,0.45599800609829755,0.00796483259339435,0.2635605154592517,0.0022369870190182945,0.9200352101796296,0.0027810528614914155,0.9598916486271841,0.0012382618601008899,0.9754042906930271,0.00020442190227909016,0.048389802987068714,0.016654953173757057,53.03666666666667,912995.8231965039,1197.41796875,21.20751953125
log10_pgen_1mm,all,esm2_8m_mlp,3,79730,0.4793839889886344,0.009163377719603393,0.28675783171459274,0.00415031742047246,0.9116193046137546,0.003362317482388092,0.9561359523498121,0.0009759095413796944,0.9720623390407103,0.0010191220089720955,0.06500311666607794,0.04015323839050756,68.42,543944.5749250223,1300.9322916666667,23.45751953125
log10_pgen_1mm,all,tfidf_ridge,1,79730,0.5542224821064449,,0.3670566172834339,,0.8818991924431581,,0.9391308258396079,,0.9565974661198886,,0.0035328855355764607,,9.66,44726.53155722081,716.12109375,0.0
