	C	S	T	A	G	P	D	E	Q	N	H	R	K	M	I	L	V	W	Y	F
C	0	1	0	0	2	1	0	0	0	0	0	1	0	0	1	1	0	0	0	0
S	0	0	1	2	10	5	2	0	2	0	2	5	1	0	1	2	1	2	0	1
T	0	4	0	0	5	5	0	1	2	0	0	2	2	2	1	3	0	0	1	0
A	0	3	0	0	9	3	1	1	1	1	0	2	1	0	2	1	4	1	1	1
G	3	8	6	6	0	7	2	2	3	2	0	15	2	2	2	7	7	0	3	1
P	1	3	4	2	6	0	3	1	2	2	2	10	1	0	2	4	2	2	0	3
D	0	3	0	3	1	4	0	0	0	4	1	6	1	0	0	2	3	1	0	0
E	0	0	1	3	1	2	0	0	1	0	0	3	1	1	1	1	4	0	1	0
Q	0	2	3	1	5	2	0	1	0	1	0	1	1	0	0	1	2	0	1	2
N	1	0	0	1	2	3	3	0	1	0	0	5	2	0	0	2	1	1	1	1
H	0	1	0	0	1	2	2	1	0	0	0	1	3	0	1	1	0	0	0	1
R	1	4	2	2	11	6	6	5	2	6	2	0	3	0	2	7	6	1	0	1
K	0	1	2	1	2	1	2	1	0	2	3	1	0	0	0	4	0	3	0	1
M	0	0	2	0	2	0	0	1	0	0	0	0	1	0	0	0	0	0	0	0
I	0	1	0	2	2	3	0	1	0	0	1	2	0	0	0	2	1	0	0	0
L	1	3	4	2	5	4	4	0	0	1	1	10	1	0	0	0	3	0	5	4
V	0	1	0	4	6	3	3	3	3	2	0	4	1	0	0	4	0	2	0	3
W	0	2	0	1	3	1	1	1	0	1	0	1	0	0	0	0	1	0	0	0
Y	0	0	1	1	2	0	0	0	2	0	0	0	0	0	1	5	1	0	0	1
F	0	1	1	0	3	3	0	0	2	1	1	0	2	0	1	2	3	0	1	0
