tokenizer	family	requested_vocab	actual_input_vocab	best_epoch	best_validation_joint_loss	test_reconstruction_exact_match	test_reconstruction_token_accuracy	test_tcremp_cosine	test_pgen_rmse	parameters	remote_output
Character	character	25.0	25	30	0.19693734171098476	0.9815950920245399	0.9984206042743174	0.992289113360584	0.343395136972041	21142953	/home/evlasova/irrm-codec/experiments/trb/rq5-char-rtp-d128-seed42
WordPiece-44	wordpiece	44.0	44	30	0.19666322000361444	0.9789801870662778	0.9981159176973157	0.9923110324276845	0.34131871315836837	21157033	/home/evlasova/irrm-codec/experiments/trb/wp-sweep-v44-rtp-seed42
WordPiece-64	wordpiece	64.0	64	28	0.20685211541870166	0.9643970632605854	0.9968474266420431	0.991931193049712	0.32575211456733877	21163433	/home/evlasova/irrm-codec/experiments/trb/wp-sweep-v64-rtp-seed42
WordPiece-128	wordpiece	128.0	128	26	0.20901615753579544	0.9598712662174395	0.996505431504592	0.9918078695230294	0.2893693995404677	21183913	/home/evlasova/irrm-codec/experiments/trb/wp-sweep-v128-rtp-seed42
WordPiece-256	wordpiece	256.0	256	23	0.20649890744307267	0.9636930503872071	0.996660883839797	0.9919296334857589	0.2705196099398586	21224873	/home/evlasova/irrm-codec/experiments/trb/wp-sweep-v256-rtp-seed42
WordPiece-512	wordpiece	512.0	512	25	0.2104906694103532	0.9666096751483456	0.9969966608838398	0.9918318263819961	0.31541390221471494	21306793	/home/evlasova/irrm-codec/experiments/trb/wp-sweep-v512-rtp-seed42
WordPiece-1024	wordpiece	1024.0	1024	28	0.21072169335227994	0.972543497938248	0.9975003264499039	0.991686036310289	0.3159752198188979	21470633	/home/evlasova/irrm-codec/experiments/trb/wp-sweep-v1024-rtp-seed42
WordPiece-2048	wordpiece	2048.0	2048	24	0.21218146349443082	0.9552448959066681	0.9959893297517115	0.9918661757301039	0.3290175757219649	21798313	/home/evlasova/irrm-codec/experiments/trb/wp-sweep-v2048-rtp-seed42
WordPiece-4096	wordpiece	4096.0	4096	25	0.21656744164125932	0.9517248315397767	0.9954297013449735	0.9919115816768741	0.4196596483780269	22453673	/home/evlasova/irrm-codec/experiments/trb/wp-sweep-v4096-rtp-seed42
EDGE-3	edge_anchor	NA	16256	31	0.2154474285803342	0.9647993563310872	0.9967292828672872	0.9917393089431783	0.3389353724618627	26344873	/home/evlasova/irrm-codec/experiments/trb/anchor-edge3-rtp-seed42
DATA-ANCHOR	data_anchor	NA	1228	25	0.20576476722275314	0.9635924771195816	0.9967355009606954	0.9918976390216716	0.270233460057513	21535913	/home/evlasova/irrm-codec/experiments/trb/anchor-data-rtp-seed42
GERMLINE-ANCHOR	germline_anchor	NA	387	28	0.20924612771849702	0.9716383385296188	0.9972826931806169	0.9917630262086177	0.25866407306127065	21266793	/home/evlasova/irrm-codec/experiments/trb/anchor-germline-rtp-seed42
