representation	val_sequence_loss	test_sequence_loss	val_tcremp_loss	test_tcremp_loss	val_pgen_loss	test_pgen_loss	test_mean_normalized_regret	test_worst_task_normalized_regret	test_fixed_reference_hypervolume	test_tasks_within_5pct_of_specialist_loss
r	0.4935558985376048	0.49224470019186	0.548148507589488	0.5506662230820216	0.0614951493528322	0.0653795911789573	0.1400491045037798	0.3722305268570544	0.5932814628050733	1
t	0.4509414655450394	0.4490276663440188	0.2865061488114791	0.2821712378823272	0.117128964292562	0.1173834178493009	-0.0455000984472581	0.1080270920473844	0.8919729079526156	2
p	0.6331614164344623	0.6350980117693602	0.8335210218559798	0.837555952241106	0.0115658875926671	0.0121837848696961	0.511661387724634	0.7764896312264542	0.0540858276076921	0
rt	0.4260993086890938	0.4239572890785302	0.3990870048344427	0.3952955325072009	0.05701791602458	0.0586903250223235	-0.0570831929098857	0.1532961774080955	0.8059702254687741	1
rp	0.4843092262983698	0.4828165204583172	0.5390500380432909	0.5401505206608808	0.0122720687155209	0.0126924586574998	0.1003535424521918	0.3574127484198617	0.6418482152942699	1
tp	0.4384337059212025	0.4379317115096868	0.295442866793231	0.2910054249698389	0.019219655658664	0.0200339606698381	-0.0942818672224091	0.0086448937860575	0.985069940870266	2
rtp	0.42446096833766	0.42360938070699	0.3902434068917082	0.3884632290116502	0.0208702339405904	0.0210434258818411	-0.0737242868597041	0.1436687121796011	0.8480459079597709	1
concat_r_t_p	0.3800976034848598	0.3797286195409372	0.2779766205636249	0.2734238594102645	0.01125705180847	0.0119070518391921	-0.2091851165085149	0.0003482880518308	0.9996517119481692	3
pca128_concat_r_t_p	0.4163787686308496	0.4150748132636582	0.2840515017505456	0.2797396175536809	0.0131192125953123	0.013556514821328	-0.1425721751878963	0.0020321932513549	0.9979678067486452	2
