target_length	sequences	exact	length_mismatch	aligned_positions	wrong_aligned_positions	sequence_error_rate	aligned_position_error_rate
7	3	3	0	21	0	0.0	0.0
8	18	17	0	144	2	0.05555555555555558	0.013888888888888888
9	58	58	0	522	0	0.0	0.0
10	161	161	0	1610	0	0.0	0.0
11	368	368	0	4048	0	0.0	0.0
12	793	790	2	9492	2	0.003783102143757877	0.00021070375052675939
13	1195	1187	8	15431	0	0.006694560669456062	0.0
14	1538	1534	3	21490	2	0.002600780234070177	9.306654257794323e-05
15	1632	1623	9	24345	0	0.005514705882352922	0.0
16	1358	1343	12	21536	6	0.011045655375552244	0.0002786032689450223
17	1077	1045	16	18037	38	0.02971216341689875	0.0021067805067361534
18	750	707	21	13122	55	0.05733333333333335	0.004191434232586496
19	447	390	21	8094	95	0.12751677852348997	0.011737089201877934
20	284	229	25	5180	75	0.19366197183098588	0.01447876447876448
21	123	83	12	2331	97	0.3252032520325203	0.041613041613041614
22	64	30	11	1166	92	0.53125	0.07890222984562607
23	36	9	14	506	43	0.75	0.08498023715415019
24	18	2	8	240	35	0.8888888888888888	0.14583333333333334
25	15	1	5	250	46	0.9333333333333333	0.184
26	2	0	2	0	0	1.0	
27	2	1	1	27	0	0.5	0.0
28	1	0	1	0	0	1.0	
