rank	epitope	distance	metric	p	r	rp	rt	rtp	t	tp	rtp_minus_rp
1	GILGFVFTL	cosine	between_minus_within	0.0206568423984859	0.1233428152129985	0.1202215255443032	0.1070347350523491	0.110323732416114	0.1538348010838437	0.137600465097264	-0.0098977931281891
1	GILGFVFTL	cosine	map_at_r	0.7469039220366203	0.8377571417671207	0.8382527018021324	0.8290056068583498	0.835703226039053	0.8391364170281714	0.8556084509363918	-0.0025494757630794
1	GILGFVFTL	cosine	precision_at_1	0.8982683982683982	0.9956709956709956	0.9935064935064936	0.9956709956709956	0.987012987012987	0.9913419913419912	0.9891774891774892	-0.0064935064935065
1	GILGFVFTL	cosine	same_label_auprc_balanced	0.521491273229804	0.7299518893107003	0.7174927693471926	0.7050656379180732	0.7144508771003788	0.674158188636663	0.7053104436509567	-0.0030418922468138
1	GILGFVFTL	cosine	same_label_auroc	0.53763092	0.73158876	0.7257904800000001	0.70806996	0.71991092	0.71333396	0.75484744	-0.0058795600000001
1	GILGFVFTL	cosine	within_between_ratio	0.8230982847313358	0.814834956105159	0.8013631708826814	0.8470954060378486	0.829036865860044	0.7684862592239499	0.7243638016662785	0.0276736949773626
1	GILGFVFTL	euclidean	between_minus_within	0.4762456869122298	1.2324917821683776	1.1943521196618183	1.0255226173407426	1.0340184856414627	1.7771783413246125	1.764684817162717	-0.1603336340203558
1	GILGFVFTL	euclidean	map_at_r	0.7478342545035729	0.8403814016170456	0.8390079506829614	0.8272032472168177	0.8320969033377764	0.8439129645545131	0.8574148540779141	-0.0069110473451849
1	GILGFVFTL	euclidean	precision_at_1	0.8982683982683982	0.9956709956709956	0.9956709956709956	0.9956709956709956	0.987012987012987	0.9913419913419912	0.9891774891774892	-0.0086580086580086
1	GILGFVFTL	euclidean	same_label_auprc_balanced	0.5236232343171925	0.7351607337112969	0.7211318096286985	0.7064940862833436	0.7101946466646145	0.6769013347021693	0.7068407684952329	-0.0109371629640839
1	GILGFVFTL	euclidean	same_label_auroc	0.54044212	0.73664052	0.7277302	0.70650972	0.7109821999999999	0.71670196	0.75650096	-0.016748
1	GILGFVFTL	euclidean	within_between_ratio	0.8973830858007207	0.8980290222030745	0.8919376258759846	0.9181802458439324	0.9120983001562664	0.8627014070154413	0.8430098768730618	0.0201606742802817
2	GLCTLVAML	cosine	between_minus_within	0.1346310777629427	0.0469673049657198	0.0537090332683131	0.1212739293962659	0.1087192530041349	0.2327473467424893	0.1461652305207085	0.0550102197358218
2	GLCTLVAML	cosine	map_at_r	0.3971554962427943	0.2960349214300812	0.30432489044198	0.3897568779087489	0.3668666020143697	0.5281064277718629	0.4710206617825163	0.0625417115723897
2	GLCTLVAML	cosine	precision_at_1	0.7391304347826086	0.9782608695652174	0.9782608695652174	0.9782608695652174	0.9782608695652174	0.9347826086956522	0.9347826086956522	0.0
2	GLCTLVAML	cosine	same_label_auprc_balanced	0.764362746527017	0.6220477286785298	0.6241568998359073	0.7091789691940154	0.6999856842884669	0.7541585193205	0.7144185257602391	0.0758287844525595
2	GLCTLVAML	cosine	same_label_auroc	0.8133053280123224	0.5325370487059209	0.5408042194683657	0.6504338490979953	0.6468519685406894	0.7486634460547503	0.7091759434292515	0.1060477490723237
2	GLCTLVAML	cosine	within_between_ratio	0.2016262709941349	0.9304252886506998	0.9159199337758568	0.8290567233595127	0.8395844652525207	0.6904286297927523	0.7479251171475703	-0.076335468523336
2	GLCTLVAML	euclidean	between_minus_within	3.49534116615842	0.643298441606289	0.7060268471358278	1.4121366935531796	1.3297842074997224	3.009821017983443	2.042914623086965	0.6237573603638946
2	GLCTLVAML	euclidean	map_at_r	0.3968899090179063	0.2969725401974061	0.3085944081608493	0.4009350926126311	0.3851989042931715	0.525644495113936	0.4632930047916605	0.0766044961323221
2	GLCTLVAML	euclidean	precision_at_1	0.7391304347826086	0.9782608695652174	0.9782608695652174	0.9782608695652174	0.9782608695652174	0.9347826086956522	0.9347826086956522	0.0
2	GLCTLVAML	euclidean	same_label_auprc_balanced	0.7625697321880942	0.6278778128933347	0.6330275638221696	0.7209395050987346	0.7184602005371521	0.7513258188815857	0.710591732184743	0.0854326367149824
2	GLCTLVAML	euclidean	same_label_auroc	0.810628952834372	0.543551541459544	0.5572181381129082	0.6718961936101193	0.6801923032042755	0.7435272701813344	0.7049527410207939	0.1229741650913672
2	GLCTLVAML	euclidean	within_between_ratio	0.4021732315244646	0.9470494666132306	0.9376119790475408	0.8871695287309327	0.8893726101341216	0.7836093129434006	0.832802537212801	-0.0482393689134192
3	YLQPRTFLL	cosine	between_minus_within	0.0228717270199522	0.0446161337209015	0.0366156392001849	0.0844520133839246	0.0486971483198341	0.019922715432474	0.0160828353071133	0.0120815091196492
3	YLQPRTFLL	cosine	map_at_r	0.1395447798181916	0.2966054624516153	0.29964836781615	0.4070361074886092	0.3691817079869173	0.292351315785512	0.2987907026485508	0.0695333401707673
3	YLQPRTFLL	cosine	precision_at_1	0.3	1.0	1.0	0.975	0.975	0.825	0.825	-0.025
3	YLQPRTFLL	cosine	same_label_auprc_balanced	0.557005125811634	0.6199786587907083	0.5943170885404121	0.6779547121190657	0.6137564655276165	0.5862232348035362	0.5957361011159912	0.0194393769872044
3	YLQPRTFLL	cosine	same_label_auroc	0.5686582639714625	0.5777331747919143	0.5640332936979786	0.6346615933412604	0.5801588585017836	0.5323434007134364	0.5300889417360286	0.016125564803805
3	YLQPRTFLL	cosine	within_between_ratio	0.8128660411253578	0.9234808526023524	0.9310489264658908	0.8632042895855496	0.9120239325822764	0.9523943494125764	0.9533213775412188	-0.0190249938836142
3	YLQPRTFLL	euclidean	between_minus_within	0.6439082943692966	0.5335972980226611	0.4338869883892666	0.9411507264122356	0.6197374939630098	0.4112640325394672	0.413196233338418	0.1858505055737431
3	YLQPRTFLL	euclidean	map_at_r	0.1388273830698967	0.2957945422594127	0.2988144296423183	0.4103746473365836	0.3804617652468797	0.2879492583841253	0.2989943295932016	0.0816473356045614
3	YLQPRTFLL	euclidean	precision_at_1	0.275	1.0	1.0	0.975	0.975	0.825	0.825	-0.025
3	YLQPRTFLL	euclidean	same_label_auprc_balanced	0.5538283154450125	0.6232151785513477	0.5968576844192361	0.6898694962560761	0.6267377767138391	0.5835250342709797	0.595362675292274	0.0298800922946029
3	YLQPRTFLL	euclidean	same_label_auroc	0.566814744351962	0.5835319857312723	0.5674882282996433	0.6455286563614744	0.596221640903686	0.5286753864447087	0.529468727705113	0.0287334126040427
3	YLQPRTFLL	euclidean	within_between_ratio	0.8696962900330723	0.9530694427510062	0.9583005918155642	0.9200626838923368	0.9433479558101976	0.9589057298754774	0.9551444520774234	-0.0149526360053664
4	SLYNTVATL	cosine	between_minus_within	-0.0030095301249663	0.1923712751303949	0.1829847437593619	0.1759200280098875	0.1260056296589986	-0.0485228913031524	-0.0053958569484331	-0.0569791141003633
4	SLYNTVATL	cosine	map_at_r	0.0749999999999999	0.95	0.85	0.75	0.775	0.225	0.2666666666666666	-0.0749999999999999
4	SLYNTVATL	cosine	precision_at_1	0.0	1.0	1.0	1.0	1.0	0.8	0.8	0.0
4	SLYNTVATL	cosine	same_label_auprc_balanced	0.4691727278569384	0.9651515151515152	0.9246503496503496	0.8977272727272726	0.8827272727272727	0.5704667116509221	0.5771453108295213	-0.0419230769230769
4	SLYNTVATL	cosine	same_label_auroc	0.43	0.96	0.91	0.8700000000000001	0.8400000000000001	0.42	0.44	-0.0699999999999998
4	SLYNTVATL	cosine	within_between_ratio	1.0727657502231038	0.4832409495705956	0.4888609802364154	0.5760962155828022	0.6335676056698618	1.1742857931789124	1.030978839230196	0.1447066254334464
4	SLYNTVATL	euclidean	between_minus_within	-0.1045513795820771	2.8328790717609937	2.606095320464502	2.429093726497872	1.7841010079875463	-0.3722083127557116	0.0847202375826423	-0.8219943124769555
4	SLYNTVATL	euclidean	map_at_r	0.0749999999999999	0.95	0.85	0.75	0.775	0.225	0.2666666666666666	-0.0749999999999999
4	SLYNTVATL	euclidean	precision_at_1	0.0	1.0	1.0	1.0	1.0	0.8	0.8	0.0
4	SLYNTVATL	euclidean	same_label_auprc_balanced	0.4691727278569384	0.9651515151515152	0.9246503496503496	0.8961247086247085	0.8827272727272727	0.5704667116509221	0.5771453108295213	-0.0419230769230769
4	SLYNTVATL	euclidean	same_label_auroc	0.43	0.96	0.91	0.87	0.8400000000000001	0.42	0.44	-0.0699999999999998
4	SLYNTVATL	euclidean	within_between_ratio	1.0386560265576643	0.6865976748898798	0.6938813768447298	0.7486457046270609	0.7918103110184312	1.0462181651429443	0.9867719221564634	0.0979289341737014
5	ALSKGVHFV	cosine	between_minus_within	0.0084317881806044	0.2910739948539576	0.2488982920455894	0.2712548608840007	0.2138412621092893	0.1352382523939194	0.0890139005725051	-0.0350570299363
5	ALSKGVHFV	cosine	map_at_r	0.0416666666666666	1.0	1.0	1.0	1.0	0.5972222222222222	0.6666666666666666	0.0
5	ALSKGVHFV	cosine	precision_at_1	0.0	1.0	1.0	1.0	1.0	0.75	1.0	0.0
5	ALSKGVHFV	cosine	same_label_auprc_balanced	0.5983164983164984	1.0	1.0	1.0	1.0	0.976190476190476	0.9583333333333331	0.0
5	ALSKGVHFV	cosine	same_label_auroc	0.4722222222222222	1.0	1.0	1.0	1.0	0.9722222222222224	0.9444444444444444	0.0
5	ALSKGVHFV	cosine	within_between_ratio	0.7921547385522357	0.3866865701359755	0.3960752750678162	0.3962952790798194	0.4186267993922287	0.2201952872084881	0.3950118209766391	0.0225515243244124
5	ALSKGVHFV	euclidean	between_minus_within	0.0751790534833554	3.838027858236756	3.4502983786053063	3.774737004163465	3.1288563750265324	3.637365859970788	2.342975754521881	-0.3214420035787739
5	ALSKGVHFV	euclidean	map_at_r	0.0416666666666666	1.0	1.0	1.0	1.0	0.5972222222222222	0.6666666666666666	0.0
5	ALSKGVHFV	euclidean	precision_at_1	0.0	1.0	1.0	1.0	1.0	0.75	1.0	0.0
5	ALSKGVHFV	euclidean	same_label_auprc_balanced	0.514983164983165	1.0	1.0	1.0	1.0	0.976190476190476	0.9583333333333331	0.0
5	ALSKGVHFV	euclidean	same_label_auroc	0.4444444444444444	1.0	1.0	1.0	1.0	0.9722222222222224	0.9444444444444444	0.0
5	ALSKGVHFV	euclidean	within_between_ratio	0.9725661204439372	0.6251015024335775	0.6226201452868303	0.6210177573640201	0.642568503402784	0.4450798133529459	0.6149599833028031	0.0199483581159537
6	FLYALALLL	cosine	between_minus_within	-0.0382589357909233	0.2105191813140541	0.1762362235339419	0.1996168469751401	0.1802256409848623	0.1560307899158284	0.0226730347800806	0.0039894174509204
6	FLYALALLL	cosine	map_at_r	0.0	0.0	0.0	0.0	0.0	0.0	0.0	0.0
6	FLYALALLL	cosine	precision_at_1	0.0	0.0	0.0	0.0	0.0	0.0	0.0	0.0
6	FLYALALLL	cosine	same_label_auprc_balanced	0.5	1.0	1.0	1.0	1.0	1.0	1.0	0.0
6	FLYALALLL	cosine	same_label_auroc	0.0	1.0	1.0	1.0	1.0	1.0	1.0	0.0
6	FLYALALLL	cosine	within_between_ratio	1.7646471937707764	0.6775292127221834	0.6707672271716343	0.6906109655922215	0.7140904494680264	0.7714240609847476	0.9508040033287974	0.043323222296392
6	FLYALALLL	euclidean	between_minus_within	-1.1806467313926985	1.990730964832533	1.819457314152068	2.0133576493387064	1.8007589492959664	1.7187362601360745	0.278119392422008	-0.0186983648561014
6	FLYALALLL	euclidean	map_at_r	0.0	0.0	0.0	0.0	0.0	0.0	0.0	0.0
6	FLYALALLL	euclidean	precision_at_1	0.0	0.0	0.0	0.0	0.0	0.0	0.0	0.0
6	FLYALALLL	euclidean	same_label_auprc_balanced	0.5	1.0	1.0	1.0	1.0	1.0	1.0	0.0
6	FLYALALLL	euclidean	same_label_auroc	0.0	1.0	1.0	1.0	1.0	1.0	1.0	0.0
6	FLYALALLL	euclidean	within_between_ratio	1.3238794339624518	0.833307428600523	0.8250319227075794	0.8318839208376045	0.845959006340635	0.8712170925455438	0.9745461896386142	0.0209270836330556
