distance	metric	model	epitopes	median	q1	q3
cosine	between_minus_within	p	6	0.0145443152895451	-0.0001492005485736	0.0223180058645856
cosine	between_minus_within	r	6	0.1578570451716967	0.0660611825275395	0.2059822047681393
cosine	between_minus_within	rp	6	0.1482288745391226	0.0703371563373106	0.1812976137030069
cosine	between_minus_within	rt	6	0.1485969787030767	0.1105945336383283	0.1936926422338269
cosine	between_minus_within	rtp	6	0.1181646810375563	0.1091203728571297	0.1666706381533964
cosine	between_minus_within	t	6	0.1445365267388816	0.0487515996728354	0.1554817927078322
cosine	between_minus_within	tp	6	0.0558434676762929	0.0177303851753551	0.1254538239660743
cosine	map_at_r	p	6	0.1072723899090958	0.0499999999999999	0.3327528171366436
cosine	map_at_r	r	6	0.567181302109368	0.2961775566854647	0.9219392854417802
cosine	map_at_r	rp	6	0.5712887961220562	0.3008174984726075	0.8470631754505331
cosine	map_at_r	rt	6	0.5785180537443047	0.394076685303714	0.8092542051437623
cosine	map_at_r	rtp	6	0.5720908539934587	0.3674453785075067	0.8205274195292898
cosine	map_at_r	t	6	0.4102288717786875	0.241837828946378	0.5799432736096324
cosine	map_at_r	tp	6	0.3849056822155335	0.2746976756621377	0.617755165445629
cosine	precision_at_1	p	6	0.15	0.0	0.6293478260869565
cosine	precision_at_1	r	6	0.997835497835498	0.982613401091662	1.0
cosine	precision_at_1	rp	6	0.9967532467532468	0.9820722755505364	1.0
cosine	precision_at_1	rt	6	0.9869659326181066	0.9758152173913044	0.998917748917749
cosine	precision_at_1	rtp	6	0.9826369282891022	0.9758152173913044	0.9967532467532468
cosine	precision_at_1	t	6	0.8125	0.7625	0.9073369565217392
cosine	precision_at_1	tp	6	0.879891304347826	0.80625	0.97557876905703
cosine	same_label_auprc_balanced	p	6	0.539248199520719	0.5053728183074511	0.5879886551902822
cosine	same_label_auprc_balanced	r	6	0.8475517022311078	0.6490237688365724	0.9912878787878788
cosine	same_label_auprc_balanced	rp	6	0.8210715594987712	0.6474908672137286	0.9811625874125874
cosine	same_label_auprc_balanced	rt	6	0.8034531209606439	0.7060939707370587	0.974431818181818
cosine	same_label_auprc_balanced	rtp	6	0.7985890749138258	0.7036019824914448	0.9706818181818182
cosine	same_label_auprc_balanced	t	6	0.7141583539785815	0.6082069732618179	0.920682486972982
cosine	same_label_auprc_balanced	tp	6	0.7098644847055979	0.6231296867497326	0.8973546314400598
cosine	same_label_auroc	p	6	0.504926571111111	0.4405555555555555	0.5609014279785969
cosine	same_label_auroc	r	6	0.8457943800000001	0.6161970710939357	0.99
cosine	same_label_auroc	rp	6	0.81789524	0.604472590273484	0.9775
cosine	same_label_auroc	rt	6	0.78903498	0.6648428768234964	0.9675
cosine	same_label_auroc	rtp	6	0.77995546	0.665116706405517	0.96
cosine	same_label_auroc	t	6	0.7309987030273752	0.5775910405350774	0.9163325281803544
cosine	same_label_auroc	tp	6	0.7320116917146258	0.5748606921593343	0.8970451933333334
cosine	within_between_ratio	p	6	0.8179821629283468	0.7973325641955162	1.0103488838501615
cosine	within_between_ratio	r	6	0.7461820844136712	0.5318130153584926	0.896319378478054
cosine	within_between_ratio	rp	6	0.7360651990271578	0.5343375419702201	0.8872807430525629
cosine	within_between_ratio	rt	6	0.7598338444758671	0.604724903085157	0.8425857353682646
cosine	within_between_ratio	rtp	6	0.7715636576640352	0.6536983166194029	0.8369475654044015
cosine	within_between_ratio	t	6	0.7699551601043487	0.7099430371505517	0.9071517773056192
cosine	within_between_ratio	tp	6	0.8493645602381839	0.7302541305366014	0.9526920339881136
euclidean	between_minus_within	p	6	0.2757123701977926	-0.059618771315719	0.6019926425050299
euclidean	between_minus_within	r	6	1.6116113735004554	0.7905967767468112	2.6223420450288786
euclidean	between_minus_within	rp	6	1.5069047169069432	0.8281081652673254	2.4094358188863936
euclidean	between_minus_within	rt	6	1.712747171445943	1.1221761363938518	2.3251597072080803
euclidean	between_minus_within	rtp	6	1.5569426077436344	1.1079599161060276	1.7965944639688614
euclidean	between_minus_within	t	6	1.7479573007303433	0.738132089438619	2.701660348818735
euclidean	between_minus_within	tp	6	1.0889405252505675	0.3118886026511105	1.9733571716059028
euclidean	map_at_r	p	6	0.1069136915349483	0.0499999999999999	0.3323742775309038
euclidean	map_at_r	r	6	0.5686769709072258	0.296089041743911	0.9225953504042612
euclidean	map_at_r	rp	6	0.5738011794219053	0.301259424271951	0.8472519876707403
euclidean	map_at_r	rt	6	0.5801873236682918	0.4032949812936193	0.8079024354126133
euclidean	map_at_r	rtp	6	0.5800994521465858	0.3816460500084527	0.8178226775033324
euclidean	map_at_r	t	6	0.4067968767490306	0.2407373145960313	0.5793277904451506
euclidean	map_at_r	tp	6	0.3811436671924311	0.2747485823983004	0.6158232511979151
euclidean	precision_at_1	p	6	0.1375	0.0	0.6230978260869565
euclidean	precision_at_1	r	6	0.997835497835498	0.982613401091662	1.0
euclidean	precision_at_1	rp	6	0.997835497835498	0.982613401091662	1.0
euclidean	precision_at_1	rt	6	0.9869659326181066	0.9758152173913044	0.998917748917749
euclidean	precision_at_1	rtp	6	0.9826369282891022	0.9758152173913044	0.9967532467532468
euclidean	precision_at_1	t	6	0.8125	0.7625	0.9073369565217392
euclidean	precision_at_1	tp	6	0.879891304347826	0.80625	0.97557876905703
euclidean	same_label_auprc_balanced	p	6	0.5193031996501787	0.5037457912457912	0.5462770451630575
euclidean	same_label_auprc_balanced	r	6	0.850156124431406	0.6546985430978252	0.9912878787878788
euclidean	same_label_auprc_balanced	rp	6	0.8228910796395241	0.6550536252738018	0.9811625874125874
euclidean	same_label_auprc_balanced	rt	6	0.8085321068617215	0.7101054409871914	0.9740311771561772
euclidean	same_label_auprc_balanced	rtp	6	0.8005937366322124	0.712261035132749	0.9706818181818182
euclidean	same_label_auprc_balanced	t	6	0.7141135767918775	0.606869109378777	0.9199743118632536
euclidean	same_label_auprc_balanced	tp	6	0.708716250339988	0.6232321985930138	0.8963979330461858
euclidean	same_label_auroc	p	6	0.4924432822222222	0.4336111111111111	0.5602215882639715
euclidean	same_label_auroc	r	6	0.84832026	0.6218091192984543	0.99
euclidean	same_label_auroc	rp	6	0.8188651	0.6075487212247325	0.9775
euclidean	same_label_auroc	rt	6	0.78825486	0.6805495752075895	0.9675
euclidean	same_label_auroc	rtp	6	0.7754911	0.6878897774032066	0.96
euclidean	same_label_auroc	t	6	0.7301146150906672	0.5756820298335315	0.9150484842120004
euclidean	same_label_auroc	tp	6	0.730726850510397	0.5733397310340332	0.8974585733333333
euclidean	within_between_ratio	p	6	0.9349746031223288	0.8766179889749843	1.0221335500292326
euclidean	within_between_ratio	r	6	0.8656682254017987	0.7232751133175406	0.9347943555106916
euclidean	within_between_ratio	rp	6	0.858484774291782	0.7266690133104422	0.9261933907546518
euclidean	within_between_ratio	rt	6	0.8595267247842686	0.7694552586796968	0.9104275665656826
euclidean	within_between_ratio	rtp	6	0.8676658082373783	0.8053474848489822	0.9064168776507302
euclidean	within_between_ratio	t	6	0.8669592497804925	0.8033823364614108	0.936983570542994
euclidean	within_between_ratio	tp	6	0.8990771644752427	0.8353543721278662	0.9696957552483164
