arm	target	train_subset	train_size	seed	training_seconds	rmse	mae	r2	pearson_r	spearman_rho	bias	inference_seq_per_second	inference_ms_per_sequence	device	peak_rss_mb	peak_gpu_mb	epochs_ran
esm2_8m_mlp	log10_pgen_1mm	all	79544	42	68.4	0.7434317223716531	0.520374913637156	0.9125300844628657	0.955902023500962	0.9589726094925388	0.066005454145396	636372.7860640743	0.0015714059775952	cuda	1131.9296875	23.45751953125	60.0
esm2_8m_mlp	log10_pgen_1mm	all	79544	43	80.73	0.7429647954773283	0.5202331828575915	0.9126399243552248	0.9560829070791672	0.9586282966795376	0.0681313072794392	632408.853215861	0.0015812555357422	cuda	1126.29296875	23.45751953125	60.0
esm2_8m_mlp	log10_pgen_1mm	all	79544	44	68.16	0.7453121949905853	0.521895684825011	0.9120870234415944	0.955716597134072	0.9590296543639312	0.0648420547328558	632583.6192838132	0.0015808186767974	cuda	1124.9921875	23.45751953125	60.0
rtp_mlp	log10_pgen_1mm	all	79544	42	69.83	0.2370257379741502	0.1640886523530489	0.9911086533036424	0.9955494464625272	0.9958659210528849	-0.0074270037056943	905496.9714494308	0.0011043659244925	cuda	1050.56640625	21.77001953125	60.0
rtp_mlp	log10_pgen_1mm	all	79544	43	66.05	0.2371002967282686	0.1640583226327462	0.991103058704482	0.9955453028703484	0.9958350139936892	-0.0028309819243721	828891.7263762074	0.0012064301864513	cuda	1054.671875	21.77001953125	60.0
rtp_mlp	log10_pgen_1mm	all	79544	44	86.89	0.2383849753881611	0.1648012738041702	0.9910063850559538	0.995503697574166	0.9957890320238824	-0.0088264901684091	751504.6653472661	0.0013306637285317	cuda	1054.109375	21.77001953125	60.0
sceptr_mlp	log10_pgen_1mm	all	79544	42	65.91	0.8103093724079922	0.5394118196202454	0.896084997028523	0.9479077517246606	0.9587721075749124	0.1036191435472859	1020112.022406086	0.0009802844962471	cuda	1021.7265625	21.20751953125	60.0
sceptr_mlp	log10_pgen_1mm	all	79544	43	79.47	0.8136983165694129	0.5380069016025932	0.8952139752293935	0.9478649788339956	0.9594502316971228	0.1181053979058701	652900.7605952359	0.0015316263364256	cuda	1023.546875	21.20751953125	60.0
sceptr_mlp	log10_pgen_1mm	all	79544	44	65.64	0.7978346598803266	0.5333620710399083	0.8992599114224236	0.949435466857206	0.9596661587973848	0.0911561583110414	1026222.4504837452	0.0009744475961606	cuda	1020.98828125	21.20751953125	60.0
tcr_bert_mlp	log10_pgen_1mm	all	79544	42	86.02	0.4323397416215389	0.3047337966650835	0.970418046685067	0.985203459333992	0.9863763092964248	0.017726926052555	339208.0863098805	0.0029480429280994	cuda	1553.72265625	28.14501953125	60.0
tcr_bert_mlp	log10_pgen_1mm	all	79544	43	72.09	0.4280938578492894	0.3025175762726348	0.9709962252575708	0.9855226286722562	0.986334939969123	0.0147702138797483	377791.1592998166	0.0026469650635905	cuda	1541.89453125	28.14501953125	60.0
tcr_bert_mlp	log10_pgen_1mm	all	79544	44	85.52	0.4291836455531097	0.3048351665449082	0.9708483689485546	0.9853580451926848	0.98620912073739	0.0105794348645018	325750.2312496926	0.0030698366541863	cuda	1552.51953125	28.14501953125	60.0
tfidf_ridge	log10_pgen_1mm	all	79544	42	9.0	0.785974434572495	0.5622312803788474	0.9022327566653896	0.9498971636908724	0.9653913662774836	0.0069710814573569	47475.47340859601	0.0210635077062536	cpu	554.30859375		
