representation	seed	bottleneck_dim	train_subset	train_size	epochs_ran	best_epoch	best_val_loss	training_seconds	test_loss	exact_match	token_accuracy	normalized_levenshtein	within_edit_distance_1	mean_edit_distance	inference_seq_per_second	inference_ms_per_sequence	device
esm2_8m	42	64	all	79544	34	26	0.2073100912265288	715.4	0.2092864666229639	0.213617620436488	0.8070692877689258	0.1582913051676092	0.3692044654530825	2.5780951423111738	13737.439343699409	0.0727937700018776	cuda
esm2_8m	43	64	all	79544	38	30	0.206404773852764	809.74	0.2055744937597177	0.2135170471688625	0.8095149723617757	0.15711028054773	0.3760434476516142	2.562606859096852	13462.130148638444	0.0742824492824517	cuda
esm2_8m	44	64	all	79544	40	32	0.2068329342664816	846.12	0.2104361947530355	0.226591571960173	0.8111984517292117	0.1551854172625933	0.3838881625264004	2.5344463441617218	13730.72466927921	0.0728293680112438	cuda
onehot	42	64	all	79544	52	44	0.0400615889005936	1109.88	0.0400808783582387	0.8158503469777733	0.9707578308302072	0.0235220490955847	0.9084783264608268	0.4418183646786684	13437.93176766472	0.0744162135430892	cuda
onehot	43	64	all	79544	42	34	0.0394708287830536	891.93	0.0394849172100806	0.8132354420195113	0.9698166730736092	0.0242905725131555	0.9058634215025646	0.4564014884843608	13716.154190149347	0.0729067336322435	cuda
onehot	44	64	all	79544	47	39	0.0393366367102433	994.65	0.0403386892225497	0.8206778638237956	0.970499343840719	0.023617213314311	0.909383485869456	0.4447349894398069	13729.288424886348	0.0728369868162543	cuda
rtp	42	64	all	79544	60	52	0.0221906138154176	1276.43	0.0217311147791452	0.8838378758925878	0.9806996381182148	0.0133091188279378	0.9395554661570954	0.251030875993161	13431.362790330624	0.0744526088387628	cuda
rtp	43	64	all	79544	57	49	0.0216901884533655	1207.86	0.0220113017906745	0.8769988936940561	0.9807924283195696	0.0135236748927534	0.9401589057628482	0.2520366086694157	13726.01962618779	0.0728543326640817	cuda
rtp	44	64	all	79544	60	58	0.0212099805522041	1279.21	0.0209383756543199	0.8885648194709846	0.9817137024615916	0.012372882877948	0.9416675047772302	0.233732273961581	13342.446033869304	0.0749487760686112	cuda
sceptr	42	64	all	79544	36	28	0.0558294934722093	762.97	0.0567849224003461	0.7353917328774012	0.9575020877795304	0.0322961628513188	0.8625163431559891	0.5667303630694961	13706.086211692991	0.0729602881927647	cuda
sceptr	43	64	all	79544	31	23	0.0555792820568268	659.06	0.056470837826148	0.7315699487076335	0.9565940693805592	0.0329932651279869	0.8573871065070904	0.5761842502262898	13432.203122547407	0.0744479510082297	cuda
sceptr	44	64	all	79544	26	18	0.0571236062126281	550.97	0.0566988510963244	0.7120587347882933	0.9529421121700976	0.0362076440197549	0.8445137282510309	0.6321029870260485	13757.392859684716	0.0726881910111359	cuda
tcr_bert	42	64	all	79544	32	24	0.1105848010151814	681.6	0.1102362450880882	0.4596198330483757	0.9069844510134016	0.0776677400683502	0.6845016594589158	1.3154983405410845	13456.478415255033	0.0743136479798713	cuda
tcr_bert	43	64	all	79544	37	29	0.1082922487686842	785.5	0.1106430744895568	0.4783264608267122	0.9096886225957396	0.0747458457766419	0.6937544000804586	1.2706426631801266	13714.924236424891	0.0729132719044952	cuda
tcr_bert	44	64	all	79544	43	35	0.1096065732148977	915.78	0.1109284074642719	0.4953233430554158	0.9126048860668884	0.0719727192343142	0.7003922357437393	1.2249823996781657	13416.413858185811	0.0745355659545241	cuda
tcremp	42	64	all	79544	42	34	0.0778516114522249	895.52	0.0781389696475787	0.5153374233128835	0.9358753429923514	0.0579907698564299	0.7681786181233028	0.9514231117369004	13352.933211938987	0.0748899125104505	cuda
tcremp	43	64	all	79544	46	38	0.0764745114705501	975.58	0.0765142872547492	0.5199637936236549	0.9379034716791048	0.0565094918624861	0.7750176003218344	0.9268832344362868	13694.12270506786	0.0730240280109308	cuda
tcremp	44	64	all	79544	45	37	0.0775704320806723	962.11	0.0771636510124573	0.5188574876797747	0.9376516125611422	0.0565175761551559	0.7758221864628382	0.926480941365785	13473.808627236707	0.0742180646664777	cuda
