model	train_fraction	train_rows	test_sequence_composition_rmse
r	0.01	795	0.01835094344455989
r	0.05	3977	0.017523018379142774
r	0.1	7954	0.017369375370154497
r	0.25	19886	0.017267594094227467
r	0.5	39772	0.017234372857679845
r	1.0	79544	0.017218643463211603
t	0.01	795	0.03147869204585527
t	0.05	3977	0.029924893812797497
t	0.1	7954	0.02970307989219788
t	0.25	19886	0.02955591518184327
t	0.5	39772	0.029504023885818596
t	1.0	79544	0.029479354201959598
p	0.01	795	0.04532366426571271
p	0.05	3977	0.044574953547430206
p	0.1	7954	0.04428606909530054
p	0.25	19886	0.04387545458540854
p	0.5	39772	0.04377336751769786
p	1.0	79544	0.043726839108308116
rt	0.01	795	0.016244031377328154
rt	0.05	3977	0.015384379770039164
rt	0.1	7954	0.015258002249398772
rt	0.25	19886	0.015178035629387987
rt	0.5	39772	0.015153765261059585
rt	1.0	79544	0.015137956375535723
rp	0.01	795	0.02006764040046825
rp	0.05	3977	0.019064061738322383
rp	0.1	7954	0.018926092173410757
rp	0.25	19886	0.018820184904729538
rp	0.5	39772	0.018784321535024042
rp	1.0	79544	0.01876798572396856
tp	0.01	795	0.03074244468361117
tp	0.05	3977	0.02869302085614458
tp	0.1	7954	0.028474638592191966
tp	0.25	19886	0.028330022822164024
tp	0.5	39772	0.028274905585994548
tp	1.0	79544	0.02825358338746815
rtp	0.01	795	0.016079114347764864
rtp	0.05	3977	0.015141720406547479
rtp	0.1	7954	0.015008292222499603
rtp	0.25	19886	0.014917465005251243
rtp	0.5	39772	0.014892085094678839
rtp	1.0	79544	0.014880154198137008
