cdr3_length	n_sequences	exact_sequences	sequence_error_rate	total_target_residues	edit_errors	residue_error_rate	mean_abs_log10_pgen_error	median_abs_log10_pgen_error	mean_signed_log10_pgen_error	mean_true_log10_pgen
7	3	3	0.0	21	0	0.0	0.22788333892822266	0.20193147659301758	0.09326235453287761	-6.067805767059326
8	18	17	0.05555555555555558	144	2	0.013888888888888888	0.19520963562859428	0.1939537525177002	0.10459881358676487	-6.952210797203912
9	58	58	0.0	522	0	0.0	0.13554670070779734	0.09454631805419922	0.012654896440177128	-6.39963698387146
10	161	161	0.0	1610	0	0.0	0.1254880768912179	0.08246088027954102	0.026373279761083376	-6.248149824438628
11	368	368	0.0	4048	0	0.0	0.1158735207889391	0.08518195152282715	0.027172174142754597	-6.210726919381515
12	793	790	0.003783102143757877	9516	4	0.0004203446826397646	0.13495038015695118	0.09746122360229492	0.030675953303429697	-6.365015834156532
13	1195	1187	0.006694560669456062	15535	8	0.0005149662053427744	0.14315945134502076	0.10540390014648438	0.07770905754057433	-6.662306459179483
14	1538	1534	0.002600780234070177	21532	5	0.00023221252089912687	0.1622169594460873	0.1293473243713379	0.08179769993448444	-7.131347616255206
15	1632	1623	0.005514705882352922	24480	11	0.00044934640522875815	0.17407382820166795	0.1297016143798828	0.07869276112201166	-7.785865174204695
16	1358	1343	0.011045655375552244	21728	18	0.0008284241531664212	0.19903086597684205	0.15855979919433594	0.0986646977369845	-8.657309157858892
17	1077	1045	0.02971216341689875	18309	57	0.003113223005079469	0.22972634775060796	0.18281316757202148	0.09377350802762484	-9.486332648975935
18	750	707	0.05733333333333335	13500	86	0.00637037037037037	0.24847226905822753	0.20470094680786133	0.0733973954518636	-10.422224502563477
19	447	390	0.12751677852348997	8493	120	0.01412928293889085	0.3059646789926277	0.24474716186523438	0.07611795506488024	-11.592920788715883
20	284	229	0.19366197183098588	5680	111	0.019542253521126762	0.3081234794267466	0.2438054084777832	0.08418968193967577	-12.651549712033338
21	123	83	0.3252032520325203	2583	102	0.03948896631823461	0.3743546493654329	0.32733917236328125	0.03476118072261655	-13.97880065731886
22	64	30	0.53125	1408	102	0.07244318181818182	0.4636581093072891	0.41320085525512695	0.09101755917072296	-15.086607545614243
23	36	9	0.75	828	80	0.0966183574879227	0.45497918128967285	0.24609375	0.09665173954433864	-16.783052576912773
24	18	2	0.8888888888888888	432	49	0.11342592592592593	0.4684235254923503	0.43729591369628906	0.2559358808729384	-17.646304077572292
25	15	1	0.9333333333333333	375	54	0.144	0.5853490193684896	0.41939735412597656	0.23636004130045574	-18.517236709594727
26	2	0	1.0	52	8	0.15384615384615385	0.9295778274536133	0.9295778274536133	0.9295778274536133	-19.613176345825195
27	2	1	0.5	54	5	0.09259259259259259	1.296828269958496	1.296828269958496	1.296828269958496	-21.37657928466797
28	1	0	1.0	28	8	0.2857142857142857	1.1843910217285156	1.1843910217285156	1.1843910217285156	-25.132247924804688
